alpha,K,layers,hidden_channels,out_channels,norm,dropout,margin,lpl_weight,ratio,seed,aggregation,model_type,sampling_mode,num_neighbors,pos_weight,batch_size,rate_pairs,accuracy,f1,recall,precision,losses,average_precision,roc_auc,fpr,tpr,roc_thresholds,precisions,recalls,pr_thresholds
0.5,21,1,128,256,,0,0.5,0.5,0.2590115112668372,654,sum,SAGEConv,1,2048,7,0.9269612263300271,0.8345813478556842,0.8744650499286734,0.7981770833333334,"[2.623374879360199, 2.513267397880554, 2.507203221321106, 2.5297818183898926, 2.496271848678589, 2.5434587597846985, 2.5108638405799866, 2.5206034779548645, 2.488110303878784, 2.4982123374938965]",0.8826327608629425,0.9586560598340093,"[0.00000000e+00 0.00000000e+00 0.00000000e+00 0.00000000e+00
 0.00000000e+00 0.00000000e+00 0.00000000e+00 0.00000000e+00
 0.00000000e+00 3.80807312e-04 3.80807312e-04 3.80807312e-04
 3.80807312e-04 3.80807312e-04 3.80807312e-04 3.80807312e-04
 7.61614623e-04 7.61614623e-04 7.61614623e-04 1.14242193e-03
 1.14242193e-03 1.14242193e-03 1.14242193e-03 1.14242193e-03
 1.14242193e-03 1.14242193e-03 1.14242193e-03 1.14242193e-03
 1.52322925e-03 1.52322925e-03 1.52322925e-03 1.52322925e-03
 1.90403656e-03 1.90403656e-03 2.28484387e-03 2.28484387e-03
 2.28484387e-03 2.28484387e-03 2.28484387e-03 2.28484387e-03
 2.28484387e-03 2.28484387e-03 2.28484387e-03 2.28484387e-03
 2.28484387e-03 2.66565118e-03 2.66565118e-03 2.66565118e-03
 3.04645849e-03 3.04645849e-03 3.04645849e-03 3.80807312e-03
 3.80807312e-03 4.18888043e-03 4.18888043e-03 4.18888043e-03
 4.18888043e-03 4.56968774e-03 4.56968774e-03 4.56968774e-03
 4.56968774e-03 4.95049505e-03 4.95049505e-03 4.95049505e-03
 4.95049505e-03 4.95049505e-03 4.95049505e-03 4.95049505e-03
 4.95049505e-03 5.33130236e-03 5.33130236e-03 5.33130236e-03
 5.33130236e-03 5.33130236e-03 5.33130236e-03 5.33130236e-03
 5.33130236e-03 5.71210967e-03 5.71210967e-03 6.09291698e-03
 6.09291698e-03 6.47372430e-03 6.47372430e-03 6.85453161e-03
 6.85453161e-03 6.85453161e-03 6.85453161e-03 7.23533892e-03
 7.23533892e-03 7.61614623e-03 7.61614623e-03 7.99695354e-03
 7.99695354e-03 8.37776085e-03 8.37776085e-03 8.75856816e-03
 8.75856816e-03 9.13937548e-03 9.13937548e-03 9.90099010e-03
 9.90099010e-03 1.06626047e-02 1.06626047e-02 1.06626047e-02
 1.06626047e-02 1.10434120e-02 1.10434120e-02 1.14242193e-02
 1.14242193e-02 1.18050267e-02 1.18050267e-02 1.21858340e-02
 1.21858340e-02 1.25666413e-02 1.25666413e-02 1.29474486e-02
 1.29474486e-02 1.33282559e-02 1.33282559e-02 1.40898705e-02
 1.40898705e-02 1.44706778e-02 1.44706778e-02 1.48514851e-02
 1.48514851e-02 1.52322925e-02 1.52322925e-02 1.56130998e-02
 1.56130998e-02 1.59939071e-02 1.59939071e-02 1.63747144e-02
 1.63747144e-02 1.71363290e-02 1.71363290e-02 1.75171363e-02
 1.75171363e-02 1.78979436e-02 1.78979436e-02 1.86595583e-02
 1.86595583e-02 1.98019802e-02 1.98019802e-02 2.01827875e-02
 2.01827875e-02 2.05635948e-02 2.05635948e-02 2.09444021e-02
 2.09444021e-02 2.20868241e-02 2.20868241e-02 2.24676314e-02
 2.24676314e-02 2.28484387e-02 2.28484387e-02 2.39908606e-02
 2.39908606e-02 2.47524752e-02 2.47524752e-02 2.51332826e-02
 2.51332826e-02 2.62757045e-02 2.62757045e-02 2.66565118e-02
 2.66565118e-02 2.77989337e-02 2.77989337e-02 2.81797411e-02
 2.81797411e-02 2.89413557e-02 2.89413557e-02 2.93221630e-02
 2.93221630e-02 2.97029703e-02 2.97029703e-02 3.00837776e-02
 3.00837776e-02 3.04645849e-02 3.04645849e-02 3.08453922e-02
 3.08453922e-02 3.12261995e-02 3.12261995e-02 3.16070069e-02
 3.16070069e-02 3.35110434e-02 3.35110434e-02 3.38918507e-02
 3.38918507e-02 3.42726580e-02 3.42726580e-02 3.50342727e-02
 3.50342727e-02 3.57958873e-02 3.57958873e-02 3.61766946e-02
 3.61766946e-02 3.65575019e-02 3.65575019e-02 3.69383092e-02
 3.69383092e-02 3.76999238e-02 3.76999238e-02 3.80807312e-02
 3.80807312e-02 3.84615385e-02 3.84615385e-02 3.88423458e-02
 3.88423458e-02 3.92231531e-02 3.92231531e-02 3.96039604e-02
 3.96039604e-02 4.07463823e-02 4.07463823e-02 4.11271896e-02
 4.11271896e-02 4.30312262e-02 4.30312262e-02 4.34120335e-02
 4.34120335e-02 4.37928408e-02 4.37928408e-02 4.49352628e-02
 4.49352628e-02 4.53160701e-02 4.53160701e-02 4.64584920e-02
 4.64584920e-02 4.72201066e-02 4.72201066e-02 4.76009139e-02
 4.76009139e-02 4.98857578e-02 4.98857578e-02 5.25514090e-02
 5.25514090e-02 5.33130236e-02 5.33130236e-02 5.36938309e-02
 5.36938309e-02 5.71210967e-02 5.71210967e-02 5.75019040e-02
 5.75019040e-02 5.82635187e-02 5.82635187e-02 5.86443260e-02
 5.86443260e-02 5.90251333e-02 5.90251333e-02 6.54988576e-02
 6.54988576e-02 6.62604722e-02 6.62604722e-02 6.74028941e-02
 6.74028941e-02 6.93069307e-02 6.93069307e-02 7.00685453e-02
 7.00685453e-02 7.27341965e-02 7.27341965e-02 8.37776085e-02
 8.37776085e-02 8.45392232e-02 8.45392232e-02 8.56816451e-02
 8.56816451e-02 8.60624524e-02 8.60624524e-02 8.64432597e-02
 8.64432597e-02 9.21553694e-02 9.21553694e-02 9.40594059e-02
 9.40594059e-02 9.63442498e-02 9.63442498e-02 9.82482864e-02
 9.82482864e-02 1.01675552e-01 1.01675552e-01 1.04341203e-01
 1.04341203e-01 1.05864433e-01 1.05864433e-01 1.08149276e-01
 1.08149276e-01 1.09672506e-01 1.09672506e-01 1.13480579e-01
 1.13480579e-01 1.15384615e-01 1.15384615e-01 1.16146230e-01
 1.16146230e-01 1.19192688e-01 1.19192688e-01 1.19954303e-01
 1.19954303e-01 1.20335110e-01 1.20335110e-01 1.34805788e-01
 1.34805788e-01 1.36329018e-01 1.36329018e-01 1.37090632e-01
 1.37090632e-01 1.41279513e-01 1.41279513e-01 1.46991622e-01
 1.46991622e-01 1.49276466e-01 1.49276466e-01 1.52322925e-01
 1.52322925e-01 1.53084539e-01 1.53084539e-01 1.63747144e-01
 1.63747144e-01 1.71744097e-01 1.71744097e-01 1.77456207e-01
 1.77456207e-01 1.96115765e-01 1.96115765e-01 2.10967251e-01
 2.10967251e-01 2.19345011e-01 2.19345011e-01 2.22391470e-01
 2.22391470e-01 2.32673267e-01 2.32673267e-01 2.37242955e-01
 2.37242955e-01 2.49047982e-01 2.49047982e-01 2.50190404e-01
 2.50190404e-01 2.61614623e-01 2.62376238e-01 2.69611577e-01
 2.69611577e-01 2.70373191e-01 2.70373191e-01 2.72277228e-01
 2.72277228e-01 2.93983244e-01 2.93983244e-01 3.07311500e-01
 3.07311500e-01 3.45011424e-01 3.45011424e-01 3.46153846e-01
 3.46153846e-01 3.57958873e-01 3.57958873e-01 3.63290175e-01
 3.63290175e-01 3.67859863e-01 3.67859863e-01 3.92231531e-01
 3.92993145e-01 3.99466870e-01 4.00228484e-01 4.26884996e-01
 4.26884996e-01 4.51637471e-01 4.51637471e-01 4.64204113e-01
 4.64204113e-01 4.69916222e-01 4.69916222e-01 4.85148515e-01
 4.85148515e-01 5.11043412e-01 5.11043412e-01 5.19801980e-01
 5.19801980e-01 5.28941356e-01 5.28941356e-01 5.46077685e-01
 5.46077685e-01 5.46458492e-01 5.46458492e-01 5.73876618e-01
 5.74638233e-01 6.00152323e-01 6.00152323e-01 6.18811881e-01
 6.18811881e-01 6.46230008e-01 6.46230008e-01 6.58796649e-01
 6.58796649e-01 6.82787510e-01 6.82787510e-01 7.36100533e-01
 7.36100533e-01 8.03884235e-01 8.03884235e-01 8.21020564e-01
 8.21020564e-01 9.16603199e-01 9.16603199e-01 9.55064737e-01
 9.55826352e-01 9.88194973e-01 9.89718203e-01 1.00000000e+00]","[0.         0.00142653 0.00713267 0.00998573 0.0128388  0.01569187
 0.0171184  0.01997147 0.021398   0.02282454 0.02853067 0.03138374
 0.0342368  0.03566334 0.03851641 0.04422254 0.04422254 0.05135521
 0.05563481 0.05706134 0.05848787 0.06419401 0.06990014 0.07132668
 0.07417974 0.08131241 0.08416548 0.08844508 0.08987161 0.09272468
 0.09557775 0.09843081 0.09843081 0.09985735 0.09985735 0.10271041
 0.10413695 0.10699001 0.11412268 0.11697575 0.13409415 0.13694722
 0.13980029 0.14265335 0.14693295 0.14693295 0.14978602 0.16119829
 0.16119829 0.16405136 0.17974322 0.17974322 0.18544936 0.18544936
 0.18830243 0.19115549 0.19828816 0.19828816 0.20399429 0.20827389
 0.21825963 0.21825963 0.2211127  0.22396576 0.2382311  0.24108417
 0.2467903  0.25249643 0.27104137 0.27104137 0.30670471 0.30955777
 0.31811698 0.32097004 0.33380884 0.33666191 0.35805991 0.35805991
 0.36947218 0.36947218 0.39514979 0.39514979 0.40656205 0.40656205
 0.41369472 0.41654779 0.42796006 0.42796006 0.42938659 0.42938659
 0.43223966 0.43223966 0.45649073 0.45649073 0.48787447 0.48787447
 0.52639087 0.52639087 0.54493581 0.54493581 0.54636234 0.54636234
 0.55206847 0.55492154 0.56490728 0.56633381 0.59343795 0.59343795
 0.60770328 0.60770328 0.61483595 0.61483595 0.62624822 0.62624822
 0.64194009 0.64194009 0.64907275 0.64907275 0.66191155 0.66191155
 0.69757489 0.69757489 0.70185449 0.70185449 0.70613409 0.70613409
 0.70898716 0.70898716 0.71184023 0.71184023 0.71754636 0.71754636
 0.7275321  0.7275321  0.73894437 0.73894437 0.74179743 0.74179743
 0.75891583 0.75891583 0.7617689  0.7617689  0.76462197 0.76462197
 0.76747504 0.76747504 0.76890157 0.76890157 0.7703281  0.7703281
 0.77175464 0.77175464 0.77318117 0.77318117 0.77746077 0.77746077
 0.7788873  0.7788873  0.78031384 0.78031384 0.78174037 0.78174037
 0.7831669  0.7831669  0.78459344 0.78459344 0.7874465  0.7874465
 0.78887304 0.78887304 0.79743224 0.79743224 0.80313837 0.80313837
 0.80456491 0.80456491 0.80884451 0.80884451 0.81027104 0.81027104
 0.81169757 0.81169757 0.81455064 0.81455064 0.81740371 0.81740371
 0.82025678 0.82025678 0.82168331 0.82168331 0.82310984 0.82310984
 0.82738944 0.82738944 0.83024251 0.83024251 0.83166904 0.83166904
 0.83309558 0.83309558 0.83452211 0.83452211 0.83594864 0.83594864
 0.83737518 0.83737518 0.83880171 0.83880171 0.84022825 0.84022825
 0.84308131 0.84308131 0.84450785 0.84450785 0.84878745 0.84878745
 0.85021398 0.85021398 0.85164051 0.85164051 0.85306705 0.85306705
 0.85449358 0.85449358 0.85592011 0.85592011 0.85734665 0.85734665
 0.85877318 0.85877318 0.86019971 0.86019971 0.86305278 0.86305278
 0.86447932 0.86447932 0.86590585 0.86590585 0.86733238 0.86733238
 0.86875892 0.86875892 0.87018545 0.87018545 0.87161198 0.87161198
 0.87303852 0.87303852 0.87446505 0.87446505 0.87589158 0.87589158
 0.87731812 0.87731812 0.88017118 0.88017118 0.88302425 0.88302425
 0.88445078 0.88445078 0.88587732 0.88587732 0.88730385 0.88730385
 0.88873039 0.88873039 0.89015692 0.89015692 0.89158345 0.89158345
 0.89300999 0.89300999 0.89586305 0.89586305 0.90014265 0.90014265
 0.90442225 0.90442225 0.90727532 0.90727532 0.90870185 0.90870185
 0.91012839 0.91012839 0.91298146 0.91298146 0.91440799 0.91440799
 0.91583452 0.91583452 0.91726106 0.91726106 0.91868759 0.91868759
 0.92011412 0.92011412 0.92154066 0.92154066 0.92296719 0.92296719
 0.92439372 0.92439372 0.92582026 0.92582026 0.92724679 0.92724679
 0.92867332 0.92867332 0.93009986 0.93009986 0.93295292 0.93295292
 0.93580599 0.93580599 0.93723252 0.93723252 0.93865906 0.93865906
 0.94008559 0.94008559 0.94151213 0.94151213 0.94436519 0.94436519
 0.94579173 0.94579173 0.94721826 0.94721826 0.94864479 0.94864479
 0.95007133 0.95007133 0.95149786 0.95149786 0.95292439 0.95292439
 0.95435093 0.95435093 0.95577746 0.95577746 0.95720399 0.95720399
 0.95720399 0.95720399 0.95863053 0.95863053 0.96005706 0.96005706
 0.96148359 0.96148359 0.96291013 0.96291013 0.96433666 0.96433666
 0.9657632  0.9657632  0.96718973 0.96718973 0.96861626 0.96861626
 0.9700428  0.9700428  0.97146933 0.97146933 0.97146933 0.97146933
 0.97146933 0.97146933 0.97289586 0.97289586 0.9743224  0.9743224
 0.97717546 0.97717546 0.978602   0.978602   0.98002853 0.98002853
 0.98145506 0.98145506 0.9828816  0.9828816  0.98430813 0.98430813
 0.98573466 0.98573466 0.9871612  0.9871612  0.9871612  0.9871612
 0.98858773 0.98858773 0.99001427 0.99001427 0.9914408  0.9914408
 0.99286733 0.99286733 0.99429387 0.99429387 0.9957204  0.9957204
 0.99714693 0.99714693 0.99857347 0.99857347 1.         1.
 1.         1.         1.         1.        ]","[           inf 9.99997377e-01 9.99994636e-01 9.99993443e-01
 9.99992967e-01 9.99992728e-01 9.99992609e-01 9.99992490e-01
 9.99992371e-01 9.99992251e-01 9.99992013e-01 9.99991775e-01
 9.99991655e-01 9.99991536e-01 9.99991417e-01 9.99990463e-01
 9.99990106e-01 9.99989510e-01 9.99988914e-01 9.99988794e-01
 9.99988317e-01 9.99987841e-01 9.99987721e-01 9.99987483e-01
 9.99987364e-01 9.99986529e-01 9.99986410e-01 9.99985576e-01
 9.99985456e-01 9.99985218e-01 9.99985099e-01 9.99984860e-01
 9.99984622e-01 9.99983907e-01 9.99983668e-01 9.99983311e-01
 9.99983191e-01 9.99982953e-01 9.99980688e-01 9.99980211e-01
 9.99975920e-01 9.99975801e-01 9.99974370e-01 9.99973893e-01
 9.99971986e-01 9.99971628e-01 9.99971151e-01 9.99969244e-01
 9.99969006e-01 9.99968410e-01 9.99964118e-01 9.99963641e-01
 9.99960899e-01 9.99960661e-01 9.99959946e-01 9.99959826e-01
 9.99955416e-01 9.99955177e-01 9.99952793e-01 9.99950528e-01
 9.99945760e-01 9.99944329e-01 9.99943972e-01 9.99943733e-01
 9.99933600e-01 9.99933481e-01 9.99929905e-01 9.99929547e-01
 9.99918938e-01 9.99917269e-01 9.99881625e-01 9.99873996e-01
 9.99868512e-01 9.99866962e-01 9.99845862e-01 9.99843240e-01
 9.99804914e-01 9.99801815e-01 9.99776423e-01 9.99774635e-01
 9.99729455e-01 9.99723613e-01 9.99698520e-01 9.99691486e-01
 9.99672890e-01 9.99664903e-01 9.99614358e-01 9.99607027e-01
 9.99587834e-01 9.99570072e-01 9.99554574e-01 9.99549687e-01
 9.99407530e-01 9.99396682e-01 9.99137282e-01 9.99128759e-01
 9.98822868e-01 9.98810410e-01 9.98726666e-01 9.98718858e-01
 9.98717666e-01 9.98643816e-01 9.98538256e-01 9.98513758e-01
 9.98357594e-01 9.98355567e-01 9.97939646e-01 9.97915328e-01
 9.97640371e-01 9.97638941e-01 9.97576416e-01 9.97574508e-01
 9.97466564e-01 9.97446418e-01 9.97129142e-01 9.97108161e-01
 9.97010827e-01 9.96973515e-01 9.96654391e-01 9.96512115e-01
 9.96022701e-01 9.95971501e-01 9.95839119e-01 9.95771229e-01
 9.95616078e-01 9.95588064e-01 9.95434463e-01 9.95373785e-01
 9.95302677e-01 9.95295107e-01 9.94975686e-01 9.94854927e-01
 9.94628012e-01 9.94529188e-01 9.94073689e-01 9.93977785e-01
 9.93655920e-01 9.93623435e-01 9.92227972e-01 9.92126465e-01
 9.91786659e-01 9.91126120e-01 9.90169287e-01 9.89915133e-01
 9.89777148e-01 9.89624679e-01 9.89320159e-01 9.89304423e-01
 9.89086151e-01 9.87648785e-01 9.87620890e-01 9.86945808e-01
 9.86725926e-01 9.86426234e-01 9.84703600e-01 9.83387709e-01
 9.83152270e-01 9.82809663e-01 9.82644260e-01 9.82602954e-01
 9.82596278e-01 9.82127905e-01 9.81930792e-01 9.81601477e-01
 9.81287658e-01 9.80762839e-01 9.78840470e-01 9.78357673e-01
 9.75518763e-01 9.73904192e-01 9.70022380e-01 9.69707608e-01
 9.67414618e-01 9.66620147e-01 9.65815306e-01 9.65120256e-01
 9.64214802e-01 9.63697851e-01 9.63629961e-01 9.63624239e-01
 9.63022292e-01 9.61166203e-01 9.59887445e-01 9.56713319e-01
 9.55977738e-01 9.50660765e-01 9.45273101e-01 9.44824874e-01
 9.40136015e-01 9.39089417e-01 9.37615454e-01 9.36610758e-01
 9.31682885e-01 9.28773999e-01 9.22992110e-01 9.22932386e-01
 9.18757498e-01 9.18128729e-01 9.17968571e-01 9.16200399e-01
 9.15018499e-01 9.10206139e-01 9.10088122e-01 9.09984827e-01
 9.09835339e-01 9.07381058e-01 9.03877258e-01 9.03852522e-01
 9.02560651e-01 9.01128292e-01 8.98777604e-01 8.94610882e-01
 8.91610503e-01 8.82748604e-01 8.77086222e-01 8.70376706e-01
 8.64873946e-01 8.56235504e-01 8.51580322e-01 8.48953009e-01
 8.48571420e-01 8.45318854e-01 8.39189351e-01 7.92903543e-01
 7.92497575e-01 7.88741529e-01 7.84981787e-01 7.68207848e-01
 7.65718043e-01 7.65034735e-01 7.59648442e-01 7.53940165e-01
 7.48769164e-01 7.26275086e-01 7.16793299e-01 6.65064216e-01
 6.46468937e-01 6.37705624e-01 6.36500120e-01 6.23024106e-01
 6.17432117e-01 5.55864990e-01 5.54825902e-01 5.53778350e-01
 5.36689162e-01 5.24029672e-01 5.21918237e-01 5.16520917e-01
 5.14532149e-01 5.02267182e-01 4.90884125e-01 3.21296155e-01
 3.17331970e-01 3.05337310e-01 2.89875746e-01 2.86206901e-01
 2.79481411e-01 2.58804560e-01 2.57482857e-01 2.38940269e-01
 2.37183094e-01 2.12798432e-01 2.12760359e-01 7.81504810e-02
 7.79311508e-02 7.45023638e-02 7.42973760e-02 7.29929954e-02
 7.16485903e-02 7.13164881e-02 6.85576349e-02 6.81296736e-02
 6.51413500e-02 4.75742184e-02 4.57913764e-02 4.42592315e-02
 4.28141057e-02 3.53091732e-02 3.42921391e-02 3.08886208e-02
 3.07892766e-02 2.46928949e-02 2.38198731e-02 2.02923436e-02
 1.96031537e-02 1.93118472e-02 1.89073309e-02 1.63549799e-02
 1.58098042e-02 1.48784155e-02 1.47301368e-02 1.32518467e-02
 1.32148601e-02 1.22968415e-02 1.22563737e-02 1.20821362e-02
 1.19893644e-02 1.11546014e-02 1.11479079e-02 1.07408203e-02
 1.05958981e-02 1.05014462e-02 1.05004953e-02 8.18880461e-03
 8.17641709e-03 8.06468446e-03 8.01408198e-03 7.95328431e-03
 7.89440051e-03 7.53717590e-03 7.37544009e-03 6.97203446e-03
 6.96722558e-03 6.78259134e-03 6.76263729e-03 6.32432383e-03
 6.30941475e-03 6.24017417e-03 6.22198265e-03 5.57006756e-03
 5.54599939e-03 5.12724044e-03 5.06972754e-03 4.65224963e-03
 4.61308286e-03 3.63341905e-03 3.62931611e-03 3.20068328e-03
 3.17456853e-03 2.93692551e-03 2.93529220e-03 2.86658597e-03
 2.86513218e-03 2.57934560e-03 2.57870066e-03 2.47853785e-03
 2.46472168e-03 2.16541486e-03 2.16278201e-03 2.13964540e-03
 2.13396689e-03 1.97096495e-03 1.94215251e-03 1.81695190e-03
 1.81525759e-03 1.79640914e-03 1.79370667e-03 1.76627899e-03
 1.75490521e-03 1.47935026e-03 1.47727877e-03 1.35875109e-03
 1.35627517e-03 1.02128426e-03 1.01687061e-03 1.00854621e-03
 1.00799394e-03 9.13820521e-04 9.10625095e-04 8.84155917e-04
 8.83059343e-04 8.54903774e-04 8.54376121e-04 7.21465854e-04
 7.20666663e-04 6.91845373e-04 6.91471971e-04 5.75871381e-04
 5.75279992e-04 5.00900846e-04 4.99022950e-04 4.53575107e-04
 4.52194712e-04 4.39092866e-04 4.38810384e-04 4.04775055e-04
 4.04226332e-04 3.49855749e-04 3.49286216e-04 3.32044438e-04
 3.31285584e-04 3.15582496e-04 3.14840232e-04 2.88266572e-04
 2.88260228e-04 2.87860923e-04 2.86660506e-04 2.42848881e-04
 2.42847265e-04 2.13309759e-04 2.12518033e-04 1.91464715e-04
 1.90975901e-04 1.65636826e-04 1.65558347e-04 1.55132439e-04
 1.54881476e-04 1.39949057e-04 1.39484095e-04 1.01904072e-04
 1.01903395e-04 6.39499558e-05 6.38823039e-05 5.72594581e-05
 5.71945748e-05 2.79957749e-05 2.77798481e-05 1.64201174e-05
 1.63070272e-05 8.81488450e-06 8.74251782e-06 3.19680476e-06]",[0.21070033 0.21076368 0.21082707 ... 1.         1.         1.        ],[1.         1.         1.         ... 0.00285307 0.00142653 0.        ],"[3.1968048e-06 3.6534414e-06 4.8327533e-06 ... 9.9999523e-01 9.9999666e-01
 9.9999738e-01]"
0.5,21,1,128,256,,0,0.5,0.5,0.2590115112668372,114,sum,SAGEConv,1,2048,7,0.9296663660955816,0.8401639344262295,0.8773181169757489,0.8060288335517694,"[2.540603995323181, 2.424120008945465, 2.4183002710342407, 2.431178092956543, 2.4146135449409485, 2.467994809150696, 2.416052520275116, 2.4412872791290283, 2.419513702392578, 2.4142858386039734]",0.8701017804550297,0.9616473800348322,"[0.00000000e+00 0.00000000e+00 0.00000000e+00 3.80807312e-04
 3.80807312e-04 7.61614623e-04 7.61614623e-04 7.61614623e-04
 7.61614623e-04 1.14242193e-03 1.14242193e-03 1.14242193e-03
 1.14242193e-03 1.52322925e-03 1.52322925e-03 1.90403656e-03
 1.90403656e-03 1.90403656e-03 2.28484387e-03 2.28484387e-03
 2.28484387e-03 2.28484387e-03 2.28484387e-03 2.28484387e-03
 2.66565118e-03 2.66565118e-03 3.04645849e-03 3.04645849e-03
 3.04645849e-03 3.42726580e-03 3.42726580e-03 3.42726580e-03
 3.42726580e-03 3.80807312e-03 3.80807312e-03 3.80807312e-03
 3.80807312e-03 3.80807312e-03 3.80807312e-03 4.18888043e-03
 4.18888043e-03 4.18888043e-03 4.18888043e-03 4.18888043e-03
 4.18888043e-03 4.56968774e-03 4.56968774e-03 4.95049505e-03
 4.95049505e-03 4.95049505e-03 4.95049505e-03 4.95049505e-03
 4.95049505e-03 5.33130236e-03 5.33130236e-03 5.71210967e-03
 5.71210967e-03 6.09291698e-03 6.09291698e-03 6.47372430e-03
 6.47372430e-03 6.85453161e-03 7.23533892e-03 7.23533892e-03
 7.23533892e-03 7.23533892e-03 7.61614623e-03 7.61614623e-03
 7.61614623e-03 7.61614623e-03 7.99695354e-03 7.99695354e-03
 8.37776085e-03 8.37776085e-03 8.75856816e-03 8.75856816e-03
 8.75856816e-03 8.75856816e-03 9.13937548e-03 9.13937548e-03
 9.52018279e-03 9.52018279e-03 9.90099010e-03 9.90099010e-03
 1.02817974e-02 1.02817974e-02 1.06626047e-02 1.06626047e-02
 1.10434120e-02 1.10434120e-02 1.18050267e-02 1.18050267e-02
 1.21858340e-02 1.21858340e-02 1.25666413e-02 1.25666413e-02
 1.29474486e-02 1.29474486e-02 1.37090632e-02 1.37090632e-02
 1.40898705e-02 1.40898705e-02 1.44706778e-02 1.44706778e-02
 1.48514851e-02 1.48514851e-02 1.52322925e-02 1.52322925e-02
 1.56130998e-02 1.56130998e-02 1.63747144e-02 1.63747144e-02
 1.67555217e-02 1.67555217e-02 1.78979436e-02 1.78979436e-02
 1.82787510e-02 1.82787510e-02 1.90403656e-02 1.90403656e-02
 1.94211729e-02 1.94211729e-02 1.98019802e-02 1.98019802e-02
 2.01827875e-02 2.01827875e-02 2.09444021e-02 2.09444021e-02
 2.13252094e-02 2.13252094e-02 2.28484387e-02 2.28484387e-02
 2.32292460e-02 2.32292460e-02 2.36100533e-02 2.36100533e-02
 2.43716679e-02 2.43716679e-02 2.55140899e-02 2.55140899e-02
 2.58948972e-02 2.58948972e-02 2.62757045e-02 2.62757045e-02
 2.66565118e-02 2.66565118e-02 2.70373191e-02 2.70373191e-02
 2.81797411e-02 2.81797411e-02 2.93221630e-02 2.93221630e-02
 3.00837776e-02 3.00837776e-02 3.04645849e-02 3.04645849e-02
 3.12261995e-02 3.12261995e-02 3.16070069e-02 3.16070069e-02
 3.19878142e-02 3.19878142e-02 3.23686215e-02 3.23686215e-02
 3.27494288e-02 3.27494288e-02 3.31302361e-02 3.31302361e-02
 3.46534653e-02 3.46534653e-02 3.61766946e-02 3.61766946e-02
 3.73191165e-02 3.73191165e-02 3.76999238e-02 3.76999238e-02
 3.96039604e-02 3.96039604e-02 3.99847677e-02 3.99847677e-02
 4.03655750e-02 4.03655750e-02 4.11271896e-02 4.11271896e-02
 4.22696116e-02 4.22696116e-02 4.34120335e-02 4.34120335e-02
 4.37928408e-02 4.37928408e-02 4.41736481e-02 4.41736481e-02
 4.45544554e-02 4.45544554e-02 4.60776847e-02 4.60776847e-02
 4.68392993e-02 4.68392993e-02 4.72201066e-02 4.72201066e-02
 4.83625286e-02 4.83625286e-02 4.87433359e-02 4.87433359e-02
 5.29322163e-02 5.29322163e-02 5.40746382e-02 5.40746382e-02
 5.55978675e-02 5.55978675e-02 5.67402894e-02 5.67402894e-02
 5.82635187e-02 5.82635187e-02 5.90251333e-02 5.90251333e-02
 5.97867479e-02 5.97867479e-02 6.39756283e-02 6.39756283e-02
 6.51180503e-02 6.51180503e-02 6.58796649e-02 6.58796649e-02
 6.89261234e-02 6.89261234e-02 7.19725819e-02 7.19725819e-02
 8.14927647e-02 8.14927647e-02 8.37776085e-02 8.37776085e-02
 9.10129474e-02 9.10129474e-02 9.13937548e-02 9.13937548e-02
 9.29169840e-02 9.29169840e-02 9.52018279e-02 9.52018279e-02
 1.05483625e-01 1.05483625e-01 1.07387662e-01 1.07387662e-01
 1.08910891e-01 1.08910891e-01 1.09291698e-01 1.09291698e-01
 1.11195735e-01 1.11195735e-01 1.11576542e-01 1.11576542e-01
 1.13861386e-01 1.13861386e-01 1.14242193e-01 1.14242193e-01
 1.15384615e-01 1.15384615e-01 1.16527037e-01 1.16527037e-01
 1.18811881e-01 1.18811881e-01 1.21477532e-01 1.21477532e-01
 1.21858340e-01 1.21858340e-01 1.24523991e-01 1.24523991e-01
 1.26428027e-01 1.26428027e-01 1.29093679e-01 1.29093679e-01
 1.29474486e-01 1.29474486e-01 1.30997715e-01 1.30997715e-01
 1.37471439e-01 1.37471439e-01 1.53846154e-01 1.53846154e-01
 1.61462300e-01 1.61462300e-01 1.64508759e-01 1.64508759e-01
 1.66412795e-01 1.66412795e-01 1.70220868e-01 1.70220868e-01
 1.72505712e-01 1.72505712e-01 1.77837014e-01 1.77837014e-01
 1.78217822e-01 1.78217822e-01 1.85453161e-01 1.86214775e-01
 1.91926885e-01 1.91926885e-01 2.11728865e-01 2.11728865e-01
 2.16679360e-01 2.16679360e-01 2.22391470e-01 2.22391470e-01
 2.25818736e-01 2.25818736e-01 2.28865194e-01 2.28865194e-01
 2.35719726e-01 2.35719726e-01 2.37623762e-01 2.37623762e-01
 2.44097487e-01 2.44097487e-01 2.44478294e-01 2.44478294e-01
 2.63137852e-01 2.63137852e-01 2.71134806e-01 2.71134806e-01
 2.91698401e-01 2.91698401e-01 2.92840823e-01 2.92840823e-01
 3.01980198e-01 3.01980198e-01 3.03503427e-01 3.03503427e-01
 3.17593298e-01 3.17593298e-01 3.34729627e-01 3.34729627e-01
 3.37395278e-01 3.37395278e-01 3.41584158e-01 3.41584158e-01
 3.49200305e-01 3.49200305e-01 3.62909368e-01 3.62909368e-01
 3.67098248e-01 3.67098248e-01 3.73191165e-01 3.73191165e-01
 3.78141660e-01 3.78141660e-01 3.84996192e-01 3.84996192e-01
 4.49733435e-01 4.49733435e-01 4.68392993e-01 4.68392993e-01
 4.77151561e-01 4.77151561e-01 5.06092917e-01 5.06092917e-01
 5.07235339e-01 5.07235339e-01 5.27798934e-01 5.27798934e-01
 5.55597867e-01 5.55597867e-01 5.89489718e-01 5.89489718e-01
 6.55750190e-01 6.56511805e-01 6.66793602e-01 6.67555217e-01
 6.76694593e-01 6.77456207e-01 7.06016756e-01 7.06778370e-01
 8.24067022e-01 8.24067022e-01 8.59862909e-01 8.59862909e-01
 8.71667936e-01 8.72429551e-01 8.84234577e-01 8.84996192e-01
 9.75628332e-01 9.76389947e-01 1.00000000e+00]","[0.         0.00142653 0.01426534 0.01569187 0.0171184  0.01854494
 0.02282454 0.0256776  0.04136947 0.04136947 0.04279601 0.04850214
 0.05420827 0.05420827 0.06134094 0.06134094 0.06704708 0.06990014
 0.07132668 0.07417974 0.08273894 0.08559201 0.08844508 0.08987161
 0.08987161 0.09557775 0.09557775 0.09843081 0.11840228 0.11840228
 0.12268188 0.12553495 0.12838802 0.12838802 0.13266762 0.13552068
 0.13694722 0.13980029 0.14693295 0.14835949 0.14978602 0.15263909
 0.16690442 0.16975749 0.17974322 0.18116976 0.18830243 0.18830243
 0.19258203 0.19543509 0.19686163 0.19971469 0.20827389 0.20827389
 0.20970043 0.20970043 0.22253923 0.22253923 0.2382311  0.23965763
 0.24536377 0.2467903  0.24964337 0.25820257 0.26248217 0.29101284
 0.29101284 0.30242511 0.30527817 0.31383738 0.31383738 0.32524964
 0.32524964 0.35092725 0.35092725 0.35378031 0.35663338 0.38373752
 0.38373752 0.41797432 0.41797432 0.44935806 0.44935806 0.45078459
 0.45078459 0.49215407 0.49215407 0.4935806  0.4935806  0.5149786
 0.5149786  0.5278174  0.5278174  0.532097   0.532097   0.58487874
 0.58487874 0.58630528 0.58630528 0.59343795 0.59343795 0.60627675
 0.60627675 0.60912981 0.60912981 0.64479315 0.64479315 0.65049929
 0.65049929 0.68188302 0.68188302 0.70185449 0.70185449 0.71326676
 0.71326676 0.71754636 0.71754636 0.72182596 0.72182596 0.7318117
 0.7318117  0.73466476 0.73466476 0.74179743 0.74179743 0.74750357
 0.74750357 0.7660485  0.7660485  0.7703281  0.7703281  0.7788873
 0.7788873  0.78459344 0.78459344 0.78887304 0.78887304 0.79029957
 0.79029957 0.79600571 0.79600571 0.79885877 0.79885877 0.80599144
 0.80599144 0.80741797 0.80741797 0.80884451 0.80884451 0.81027104
 0.81027104 0.81312411 0.81312411 0.81455064 0.81455064 0.81740371
 0.81740371 0.82596291 0.82596291 0.82738944 0.82738944 0.82881598
 0.82881598 0.83024251 0.83024251 0.83309558 0.83309558 0.83452211
 0.83452211 0.83737518 0.83737518 0.84022825 0.84022825 0.84308131
 0.84308131 0.84593438 0.84593438 0.84736091 0.84736091 0.84878745
 0.84878745 0.85021398 0.85021398 0.85164051 0.85164051 0.85306705
 0.85306705 0.85449358 0.85449358 0.85592011 0.85592011 0.85877318
 0.85877318 0.86019971 0.86019971 0.86162625 0.86162625 0.86305278
 0.86305278 0.86447932 0.86447932 0.86590585 0.86590585 0.87018545
 0.87018545 0.87161198 0.87161198 0.87446505 0.87446505 0.87731812
 0.87731812 0.87874465 0.87874465 0.88017118 0.88017118 0.88159772
 0.88159772 0.88302425 0.88302425 0.88445078 0.88445078 0.88587732
 0.88587732 0.88730385 0.88730385 0.89015692 0.89015692 0.89158345
 0.89158345 0.89300999 0.89300999 0.89443652 0.89443652 0.89586305
 0.89586305 0.89728959 0.89728959 0.89871612 0.89871612 0.90014265
 0.90014265 0.90299572 0.90299572 0.90442225 0.90442225 0.90584879
 0.90584879 0.90727532 0.90727532 0.90870185 0.90870185 0.91012839
 0.91012839 0.91155492 0.91155492 0.91440799 0.91440799 0.91583452
 0.91583452 0.91726106 0.91726106 0.91868759 0.91868759 0.92011412
 0.92011412 0.92154066 0.92154066 0.92296719 0.92296719 0.92724679
 0.92724679 0.92867332 0.92867332 0.93009986 0.93009986 0.93152639
 0.93152639 0.93295292 0.93295292 0.93437946 0.93437946 0.93580599
 0.93580599 0.93723252 0.93723252 0.93865906 0.93865906 0.94008559
 0.94008559 0.94151213 0.94151213 0.94293866 0.94293866 0.94436519
 0.94436519 0.94436519 0.94436519 0.94579173 0.94579173 0.94721826
 0.94721826 0.95007133 0.95007133 0.95149786 0.95149786 0.95292439
 0.95292439 0.95435093 0.95435093 0.95577746 0.95577746 0.95720399
 0.95720399 0.95863053 0.95863053 0.96148359 0.96148359 0.96291013
 0.96291013 0.96433666 0.96433666 0.9657632  0.9657632  0.96718973
 0.96718973 0.96861626 0.96861626 0.9700428  0.9700428  0.97289586
 0.97289586 0.9743224  0.9743224  0.97574893 0.97574893 0.97717546
 0.97717546 0.978602   0.978602   0.98002853 0.98002853 0.98145506
 0.98145506 0.9828816  0.9828816  0.98430813 0.98430813 0.98573466
 0.98573466 0.9871612  0.9871612  0.98858773 0.98858773 0.99001427
 0.99001427 0.9914408  0.9914408  0.99286733 0.99286733 0.99429387
 0.99429387 0.9957204  0.9957204  0.99714693 0.99714693 0.99714693
 0.99714693 0.99714693 0.99714693 0.99714693 0.99714693 0.99714693
 0.99714693 0.99857347 0.99857347 1.         1.         1.
 1.         1.         1.         1.         1.        ]","[           inf 9.99996662e-01 9.99992490e-01 9.99992251e-01
 9.99991775e-01 9.99991298e-01 9.99990106e-01 9.99989867e-01
 9.99985695e-01 9.99985456e-01 9.99985337e-01 9.99985099e-01
 9.99983668e-01 9.99982595e-01 9.99979854e-01 9.99978662e-01
 9.99976516e-01 9.99976397e-01 9.99975801e-01 9.99975204e-01
 9.99974370e-01 9.99973655e-01 9.99973178e-01 9.99972939e-01
 9.99972820e-01 9.99971628e-01 9.99971032e-01 9.99970794e-01
 9.99964595e-01 9.99964356e-01 9.99963164e-01 9.99962449e-01
 9.99961615e-01 9.99961376e-01 9.99959350e-01 9.99958754e-01
 9.99958277e-01 9.99958038e-01 9.99955416e-01 9.99955058e-01
 9.99954820e-01 9.99954700e-01 9.99948978e-01 9.99947906e-01
 9.99943852e-01 9.99943137e-01 9.99938726e-01 9.99938011e-01
 9.99933481e-01 9.99933124e-01 9.99932408e-01 9.99931931e-01
 9.99927878e-01 9.99925494e-01 9.99923587e-01 9.99923110e-01
 9.99918580e-01 9.99917984e-01 9.99906421e-01 9.99904633e-01
 9.99900937e-01 9.99900222e-01 9.99899387e-01 9.99893188e-01
 9.99888659e-01 9.99867320e-01 9.99865770e-01 9.99857903e-01
 9.99857187e-01 9.99847412e-01 9.99845624e-01 9.99817669e-01
 9.99816954e-01 9.99785483e-01 9.99783337e-01 9.99778450e-01
 9.99773443e-01 9.99727786e-01 9.99723136e-01 9.99632597e-01
 9.99624968e-01 9.99506712e-01 9.99505997e-01 9.99482870e-01
 9.99474704e-01 9.99217272e-01 9.99207079e-01 9.99195397e-01
 9.99186099e-01 9.99065936e-01 9.99000371e-01 9.98905540e-01
 9.98897433e-01 9.98855591e-01 9.98842418e-01 9.98204827e-01
 9.98199701e-01 9.98109341e-01 9.98041868e-01 9.97895360e-01
 9.97880816e-01 9.97677982e-01 9.97673452e-01 9.97608185e-01
 9.97597158e-01 9.96882677e-01 9.96874571e-01 9.96753037e-01
 9.96745944e-01 9.95804846e-01 9.95741725e-01 9.95527565e-01
 9.95509744e-01 9.95312810e-01 9.95157182e-01 9.94996190e-01
 9.94963646e-01 9.94592726e-01 9.94461060e-01 9.93826807e-01
 9.93657291e-01 9.93449152e-01 9.93388653e-01 9.93001342e-01
 9.92958188e-01 9.92411256e-01 9.92173553e-01 9.90374088e-01
 9.90049601e-01 9.89358425e-01 9.89031017e-01 9.86987352e-01
 9.86891806e-01 9.86283422e-01 9.85923290e-01 9.85177398e-01
 9.84148383e-01 9.83938634e-01 9.82741892e-01 9.79339719e-01
 9.79287624e-01 9.76642966e-01 9.76633370e-01 9.74804044e-01
 9.74495351e-01 9.74395871e-01 9.73402202e-01 9.71059680e-01
 9.69465911e-01 9.68622744e-01 9.65664983e-01 9.65150535e-01
 9.61451769e-01 9.58514035e-01 9.54481542e-01 9.53352392e-01
 9.51563060e-01 9.41815794e-01 9.41752136e-01 9.41713750e-01
 9.41645861e-01 9.40470159e-01 9.37406600e-01 9.36475217e-01
 9.35328603e-01 9.34848607e-01 9.32606578e-01 9.28569734e-01
 9.21688139e-01 9.17035282e-01 9.14377630e-01 9.13927734e-01
 9.04620945e-01 9.01113093e-01 8.97527993e-01 8.89189541e-01
 8.73403132e-01 8.63442242e-01 8.61147583e-01 8.53492737e-01
 8.53176355e-01 8.52547765e-01 8.46497536e-01 8.45761120e-01
 8.36471140e-01 8.30859601e-01 8.23031783e-01 8.22894812e-01
 8.17112207e-01 8.14644337e-01 8.10197711e-01 8.03967774e-01
 7.91044950e-01 7.85115540e-01 7.58725822e-01 7.52802670e-01
 7.50359833e-01 7.45489895e-01 7.40642667e-01 7.39251196e-01
 7.28251755e-01 7.22994804e-01 7.20811307e-01 6.93205774e-01
 6.28845751e-01 6.17338717e-01 5.52074194e-01 5.42230904e-01
 5.25202513e-01 5.10054946e-01 4.78858352e-01 4.72185791e-01
 4.52389181e-01 4.46215600e-01 4.07428324e-01 3.90226543e-01
 3.68162394e-01 3.50374997e-01 2.93943256e-01 2.91453421e-01
 2.58108020e-01 2.57162809e-01 2.52008319e-01 2.51396090e-01
 2.13055953e-01 2.09206328e-01 1.68451607e-01 1.66680723e-01
 1.03993610e-01 1.03417024e-01 9.43616703e-02 9.31550637e-02
 6.41665086e-02 6.37049228e-02 6.33883327e-02 6.18372224e-02
 5.16927689e-02 5.05734719e-02 4.43979464e-02 4.29557860e-02
 2.26529315e-02 2.12251265e-02 2.07410604e-02 2.05818843e-02
 1.93666220e-02 1.89461913e-02 1.88212954e-02 1.84566714e-02
 1.79400723e-02 1.77287161e-02 1.77241489e-02 1.77099425e-02
 1.72771923e-02 1.71613321e-02 1.70659032e-02 1.67391133e-02
 1.63669586e-02 1.61845554e-02 1.58556253e-02 1.56844240e-02
 1.51618123e-02 1.49981845e-02 1.31343435e-02 1.31340157e-02
 1.30345793e-02 1.28293764e-02 1.17486799e-02 1.17226485e-02
 1.10905534e-02 1.08913705e-02 9.94483382e-03 9.83417314e-03
 9.74151678e-03 9.71563533e-03 9.29102860e-03 9.27769858e-03
 8.18851031e-03 8.17129947e-03 6.47603534e-03 6.47139503e-03
 5.84879052e-03 5.81115112e-03 5.63314604e-03 5.59310103e-03
 5.50470408e-03 5.50359208e-03 5.25466213e-03 5.23983594e-03
 5.09780087e-03 5.08618867e-03 4.75929771e-03 4.74490505e-03
 4.74474719e-03 4.73909872e-03 4.26639058e-03 4.26615961e-03
 4.07469412e-03 4.07249667e-03 3.19105550e-03 3.15579539e-03
 3.02383606e-03 3.00350040e-03 2.82366248e-03 2.81709922e-03
 2.72049499e-03 2.71663582e-03 2.61339941e-03 2.61314330e-03
 2.42973724e-03 2.42678938e-03 2.36126641e-03 2.35883007e-03
 2.25108140e-03 2.24941247e-03 2.24906229e-03 2.22397409e-03
 1.88248686e-03 1.88160024e-03 1.76616374e-03 1.76552578e-03
 1.50078780e-03 1.47585524e-03 1.46373082e-03 1.46242953e-03
 1.40580873e-03 1.40036421e-03 1.38274208e-03 1.37844984e-03
 1.28130557e-03 1.26233534e-03 1.12868461e-03 1.12857716e-03
 1.10339758e-03 1.09357724e-03 1.08563516e-03 1.08101883e-03
 1.02965580e-03 1.02626288e-03 9.52708593e-04 9.51739203e-04
 9.14525648e-04 9.14204575e-04 8.89642513e-04 8.83751607e-04
 8.44644383e-04 8.43919173e-04 7.88433827e-04 7.87506462e-04
 5.02332405e-04 4.97106637e-04 4.48149396e-04 4.46301943e-04
 4.22620651e-04 4.22219600e-04 3.52429022e-04 3.50850081e-04
 3.46460816e-04 3.46080022e-04 3.11758340e-04 3.10679199e-04
 2.72205216e-04 2.71664379e-04 2.24284813e-04 2.24283751e-04
 1.52691602e-04 1.52478300e-04 1.45894839e-04 1.45591606e-04
 1.39796888e-04 1.39740238e-04 1.17944954e-04 1.17870302e-04
 5.56787418e-05 5.56289051e-05 4.24099708e-05 4.23267738e-05
 3.88749067e-05 3.87868822e-05 3.51454073e-05 3.50881746e-05
 1.05579484e-05 1.05525824e-05 1.78063488e-06]",[0.21070033 0.21076368 0.21082707 ... 1.         1.         1.        ],[1.         1.         1.         ... 0.00285307 0.00142653 0.        ],"[1.7806349e-06 1.9066456e-06 2.7902615e-06 ... 9.9999571e-01 9.9999607e-01
 9.9999666e-01]"
0.5,21,1,128,256,,0,0.5,0.5,0.2590115112668372,25,sum,SAGEConv,1,2048,7,0.9296663660955816,0.8401639344262295,0.8773181169757489,0.8060288335517694,"[2.540603995323181, 2.424120008945465, 2.4183002710342407, 2.431178092956543, 2.4146135449409485, 2.467994809150696, 2.416052520275116, 2.4412872791290283, 2.419513702392578, 2.4142858386039734]",0.8701017804550297,0.9616473800348322,"[0.00000000e+00 0.00000000e+00 0.00000000e+00 3.80807312e-04
 3.80807312e-04 7.61614623e-04 7.61614623e-04 7.61614623e-04
 7.61614623e-04 1.14242193e-03 1.14242193e-03 1.14242193e-03
 1.14242193e-03 1.52322925e-03 1.52322925e-03 1.90403656e-03
 1.90403656e-03 1.90403656e-03 2.28484387e-03 2.28484387e-03
 2.28484387e-03 2.28484387e-03 2.28484387e-03 2.28484387e-03
 2.66565118e-03 2.66565118e-03 3.04645849e-03 3.04645849e-03
 3.04645849e-03 3.42726580e-03 3.42726580e-03 3.42726580e-03
 3.42726580e-03 3.80807312e-03 3.80807312e-03 3.80807312e-03
 3.80807312e-03 3.80807312e-03 3.80807312e-03 4.18888043e-03
 4.18888043e-03 4.18888043e-03 4.18888043e-03 4.18888043e-03
 4.18888043e-03 4.56968774e-03 4.56968774e-03 4.95049505e-03
 4.95049505e-03 4.95049505e-03 4.95049505e-03 4.95049505e-03
 4.95049505e-03 5.33130236e-03 5.33130236e-03 5.71210967e-03
 5.71210967e-03 6.09291698e-03 6.09291698e-03 6.47372430e-03
 6.47372430e-03 6.85453161e-03 7.23533892e-03 7.23533892e-03
 7.23533892e-03 7.23533892e-03 7.61614623e-03 7.61614623e-03
 7.61614623e-03 7.61614623e-03 7.99695354e-03 7.99695354e-03
 8.37776085e-03 8.37776085e-03 8.75856816e-03 8.75856816e-03
 8.75856816e-03 8.75856816e-03 9.13937548e-03 9.13937548e-03
 9.52018279e-03 9.52018279e-03 9.90099010e-03 9.90099010e-03
 1.02817974e-02 1.02817974e-02 1.06626047e-02 1.06626047e-02
 1.10434120e-02 1.10434120e-02 1.18050267e-02 1.18050267e-02
 1.21858340e-02 1.21858340e-02 1.25666413e-02 1.25666413e-02
 1.29474486e-02 1.29474486e-02 1.37090632e-02 1.37090632e-02
 1.40898705e-02 1.40898705e-02 1.44706778e-02 1.44706778e-02
 1.48514851e-02 1.48514851e-02 1.52322925e-02 1.52322925e-02
 1.56130998e-02 1.56130998e-02 1.63747144e-02 1.63747144e-02
 1.67555217e-02 1.67555217e-02 1.78979436e-02 1.78979436e-02
 1.82787510e-02 1.82787510e-02 1.90403656e-02 1.90403656e-02
 1.94211729e-02 1.94211729e-02 1.98019802e-02 1.98019802e-02
 2.01827875e-02 2.01827875e-02 2.09444021e-02 2.09444021e-02
 2.13252094e-02 2.13252094e-02 2.28484387e-02 2.28484387e-02
 2.32292460e-02 2.32292460e-02 2.36100533e-02 2.36100533e-02
 2.43716679e-02 2.43716679e-02 2.55140899e-02 2.55140899e-02
 2.58948972e-02 2.58948972e-02 2.62757045e-02 2.62757045e-02
 2.66565118e-02 2.66565118e-02 2.70373191e-02 2.70373191e-02
 2.81797411e-02 2.81797411e-02 2.93221630e-02 2.93221630e-02
 3.00837776e-02 3.00837776e-02 3.04645849e-02 3.04645849e-02
 3.12261995e-02 3.12261995e-02 3.16070069e-02 3.16070069e-02
 3.19878142e-02 3.19878142e-02 3.23686215e-02 3.23686215e-02
 3.27494288e-02 3.27494288e-02 3.31302361e-02 3.31302361e-02
 3.46534653e-02 3.46534653e-02 3.61766946e-02 3.61766946e-02
 3.73191165e-02 3.73191165e-02 3.76999238e-02 3.76999238e-02
 3.96039604e-02 3.96039604e-02 3.99847677e-02 3.99847677e-02
 4.03655750e-02 4.03655750e-02 4.11271896e-02 4.11271896e-02
 4.22696116e-02 4.22696116e-02 4.34120335e-02 4.34120335e-02
 4.37928408e-02 4.37928408e-02 4.41736481e-02 4.41736481e-02
 4.45544554e-02 4.45544554e-02 4.60776847e-02 4.60776847e-02
 4.68392993e-02 4.68392993e-02 4.72201066e-02 4.72201066e-02
 4.83625286e-02 4.83625286e-02 4.87433359e-02 4.87433359e-02
 5.29322163e-02 5.29322163e-02 5.40746382e-02 5.40746382e-02
 5.55978675e-02 5.55978675e-02 5.67402894e-02 5.67402894e-02
 5.82635187e-02 5.82635187e-02 5.90251333e-02 5.90251333e-02
 5.97867479e-02 5.97867479e-02 6.39756283e-02 6.39756283e-02
 6.51180503e-02 6.51180503e-02 6.58796649e-02 6.58796649e-02
 6.89261234e-02 6.89261234e-02 7.19725819e-02 7.19725819e-02
 8.14927647e-02 8.14927647e-02 8.37776085e-02 8.37776085e-02
 9.10129474e-02 9.10129474e-02 9.13937548e-02 9.13937548e-02
 9.29169840e-02 9.29169840e-02 9.52018279e-02 9.52018279e-02
 1.05483625e-01 1.05483625e-01 1.07387662e-01 1.07387662e-01
 1.08910891e-01 1.08910891e-01 1.09291698e-01 1.09291698e-01
 1.11195735e-01 1.11195735e-01 1.11576542e-01 1.11576542e-01
 1.13861386e-01 1.13861386e-01 1.14242193e-01 1.14242193e-01
 1.15384615e-01 1.15384615e-01 1.16527037e-01 1.16527037e-01
 1.18811881e-01 1.18811881e-01 1.21477532e-01 1.21477532e-01
 1.21858340e-01 1.21858340e-01 1.24523991e-01 1.24523991e-01
 1.26428027e-01 1.26428027e-01 1.29093679e-01 1.29093679e-01
 1.29474486e-01 1.29474486e-01 1.30997715e-01 1.30997715e-01
 1.37471439e-01 1.37471439e-01 1.53846154e-01 1.53846154e-01
 1.61462300e-01 1.61462300e-01 1.64508759e-01 1.64508759e-01
 1.66412795e-01 1.66412795e-01 1.70220868e-01 1.70220868e-01
 1.72505712e-01 1.72505712e-01 1.77837014e-01 1.77837014e-01
 1.78217822e-01 1.78217822e-01 1.85453161e-01 1.86214775e-01
 1.91926885e-01 1.91926885e-01 2.11728865e-01 2.11728865e-01
 2.16679360e-01 2.16679360e-01 2.22391470e-01 2.22391470e-01
 2.25818736e-01 2.25818736e-01 2.28865194e-01 2.28865194e-01
 2.35719726e-01 2.35719726e-01 2.37623762e-01 2.37623762e-01
 2.44097487e-01 2.44097487e-01 2.44478294e-01 2.44478294e-01
 2.63137852e-01 2.63137852e-01 2.71134806e-01 2.71134806e-01
 2.91698401e-01 2.91698401e-01 2.92840823e-01 2.92840823e-01
 3.01980198e-01 3.01980198e-01 3.03503427e-01 3.03503427e-01
 3.17593298e-01 3.17593298e-01 3.34729627e-01 3.34729627e-01
 3.37395278e-01 3.37395278e-01 3.41584158e-01 3.41584158e-01
 3.49200305e-01 3.49200305e-01 3.62909368e-01 3.62909368e-01
 3.67098248e-01 3.67098248e-01 3.73191165e-01 3.73191165e-01
 3.78141660e-01 3.78141660e-01 3.84996192e-01 3.84996192e-01
 4.49733435e-01 4.49733435e-01 4.68392993e-01 4.68392993e-01
 4.77151561e-01 4.77151561e-01 5.06092917e-01 5.06092917e-01
 5.07235339e-01 5.07235339e-01 5.27798934e-01 5.27798934e-01
 5.55597867e-01 5.55597867e-01 5.89489718e-01 5.89489718e-01
 6.55750190e-01 6.56511805e-01 6.66793602e-01 6.67555217e-01
 6.76694593e-01 6.77456207e-01 7.06016756e-01 7.06778370e-01
 8.24067022e-01 8.24067022e-01 8.59862909e-01 8.59862909e-01
 8.71667936e-01 8.72429551e-01 8.84234577e-01 8.84996192e-01
 9.75628332e-01 9.76389947e-01 1.00000000e+00]","[0.         0.00142653 0.01426534 0.01569187 0.0171184  0.01854494
 0.02282454 0.0256776  0.04136947 0.04136947 0.04279601 0.04850214
 0.05420827 0.05420827 0.06134094 0.06134094 0.06704708 0.06990014
 0.07132668 0.07417974 0.08273894 0.08559201 0.08844508 0.08987161
 0.08987161 0.09557775 0.09557775 0.09843081 0.11840228 0.11840228
 0.12268188 0.12553495 0.12838802 0.12838802 0.13266762 0.13552068
 0.13694722 0.13980029 0.14693295 0.14835949 0.14978602 0.15263909
 0.16690442 0.16975749 0.17974322 0.18116976 0.18830243 0.18830243
 0.19258203 0.19543509 0.19686163 0.19971469 0.20827389 0.20827389
 0.20970043 0.20970043 0.22253923 0.22253923 0.2382311  0.23965763
 0.24536377 0.2467903  0.24964337 0.25820257 0.26248217 0.29101284
 0.29101284 0.30242511 0.30527817 0.31383738 0.31383738 0.32524964
 0.32524964 0.35092725 0.35092725 0.35378031 0.35663338 0.38373752
 0.38373752 0.41797432 0.41797432 0.44935806 0.44935806 0.45078459
 0.45078459 0.49215407 0.49215407 0.4935806  0.4935806  0.5149786
 0.5149786  0.5278174  0.5278174  0.532097   0.532097   0.58487874
 0.58487874 0.58630528 0.58630528 0.59343795 0.59343795 0.60627675
 0.60627675 0.60912981 0.60912981 0.64479315 0.64479315 0.65049929
 0.65049929 0.68188302 0.68188302 0.70185449 0.70185449 0.71326676
 0.71326676 0.71754636 0.71754636 0.72182596 0.72182596 0.7318117
 0.7318117  0.73466476 0.73466476 0.74179743 0.74179743 0.74750357
 0.74750357 0.7660485  0.7660485  0.7703281  0.7703281  0.7788873
 0.7788873  0.78459344 0.78459344 0.78887304 0.78887304 0.79029957
 0.79029957 0.79600571 0.79600571 0.79885877 0.79885877 0.80599144
 0.80599144 0.80741797 0.80741797 0.80884451 0.80884451 0.81027104
 0.81027104 0.81312411 0.81312411 0.81455064 0.81455064 0.81740371
 0.81740371 0.82596291 0.82596291 0.82738944 0.82738944 0.82881598
 0.82881598 0.83024251 0.83024251 0.83309558 0.83309558 0.83452211
 0.83452211 0.83737518 0.83737518 0.84022825 0.84022825 0.84308131
 0.84308131 0.84593438 0.84593438 0.84736091 0.84736091 0.84878745
 0.84878745 0.85021398 0.85021398 0.85164051 0.85164051 0.85306705
 0.85306705 0.85449358 0.85449358 0.85592011 0.85592011 0.85877318
 0.85877318 0.86019971 0.86019971 0.86162625 0.86162625 0.86305278
 0.86305278 0.86447932 0.86447932 0.86590585 0.86590585 0.87018545
 0.87018545 0.87161198 0.87161198 0.87446505 0.87446505 0.87731812
 0.87731812 0.87874465 0.87874465 0.88017118 0.88017118 0.88159772
 0.88159772 0.88302425 0.88302425 0.88445078 0.88445078 0.88587732
 0.88587732 0.88730385 0.88730385 0.89015692 0.89015692 0.89158345
 0.89158345 0.89300999 0.89300999 0.89443652 0.89443652 0.89586305
 0.89586305 0.89728959 0.89728959 0.89871612 0.89871612 0.90014265
 0.90014265 0.90299572 0.90299572 0.90442225 0.90442225 0.90584879
 0.90584879 0.90727532 0.90727532 0.90870185 0.90870185 0.91012839
 0.91012839 0.91155492 0.91155492 0.91440799 0.91440799 0.91583452
 0.91583452 0.91726106 0.91726106 0.91868759 0.91868759 0.92011412
 0.92011412 0.92154066 0.92154066 0.92296719 0.92296719 0.92724679
 0.92724679 0.92867332 0.92867332 0.93009986 0.93009986 0.93152639
 0.93152639 0.93295292 0.93295292 0.93437946 0.93437946 0.93580599
 0.93580599 0.93723252 0.93723252 0.93865906 0.93865906 0.94008559
 0.94008559 0.94151213 0.94151213 0.94293866 0.94293866 0.94436519
 0.94436519 0.94436519 0.94436519 0.94579173 0.94579173 0.94721826
 0.94721826 0.95007133 0.95007133 0.95149786 0.95149786 0.95292439
 0.95292439 0.95435093 0.95435093 0.95577746 0.95577746 0.95720399
 0.95720399 0.95863053 0.95863053 0.96148359 0.96148359 0.96291013
 0.96291013 0.96433666 0.96433666 0.9657632  0.9657632  0.96718973
 0.96718973 0.96861626 0.96861626 0.9700428  0.9700428  0.97289586
 0.97289586 0.9743224  0.9743224  0.97574893 0.97574893 0.97717546
 0.97717546 0.978602   0.978602   0.98002853 0.98002853 0.98145506
 0.98145506 0.9828816  0.9828816  0.98430813 0.98430813 0.98573466
 0.98573466 0.9871612  0.9871612  0.98858773 0.98858773 0.99001427
 0.99001427 0.9914408  0.9914408  0.99286733 0.99286733 0.99429387
 0.99429387 0.9957204  0.9957204  0.99714693 0.99714693 0.99714693
 0.99714693 0.99714693 0.99714693 0.99714693 0.99714693 0.99714693
 0.99714693 0.99857347 0.99857347 1.         1.         1.
 1.         1.         1.         1.         1.        ]","[           inf 9.99996662e-01 9.99992490e-01 9.99992251e-01
 9.99991775e-01 9.99991298e-01 9.99990106e-01 9.99989867e-01
 9.99985695e-01 9.99985456e-01 9.99985337e-01 9.99985099e-01
 9.99983668e-01 9.99982595e-01 9.99979854e-01 9.99978662e-01
 9.99976516e-01 9.99976397e-01 9.99975801e-01 9.99975204e-01
 9.99974370e-01 9.99973655e-01 9.99973178e-01 9.99972939e-01
 9.99972820e-01 9.99971628e-01 9.99971032e-01 9.99970794e-01
 9.99964595e-01 9.99964356e-01 9.99963164e-01 9.99962449e-01
 9.99961615e-01 9.99961376e-01 9.99959350e-01 9.99958754e-01
 9.99958277e-01 9.99958038e-01 9.99955416e-01 9.99955058e-01
 9.99954820e-01 9.99954700e-01 9.99948978e-01 9.99947906e-01
 9.99943852e-01 9.99943137e-01 9.99938726e-01 9.99938011e-01
 9.99933481e-01 9.99933124e-01 9.99932408e-01 9.99931931e-01
 9.99927878e-01 9.99925494e-01 9.99923587e-01 9.99923110e-01
 9.99918580e-01 9.99917984e-01 9.99906421e-01 9.99904633e-01
 9.99900937e-01 9.99900222e-01 9.99899387e-01 9.99893188e-01
 9.99888659e-01 9.99867320e-01 9.99865770e-01 9.99857903e-01
 9.99857187e-01 9.99847412e-01 9.99845624e-01 9.99817669e-01
 9.99816954e-01 9.99785483e-01 9.99783337e-01 9.99778450e-01
 9.99773443e-01 9.99727786e-01 9.99723136e-01 9.99632597e-01
 9.99624968e-01 9.99506712e-01 9.99505997e-01 9.99482870e-01
 9.99474704e-01 9.99217272e-01 9.99207079e-01 9.99195397e-01
 9.99186099e-01 9.99065936e-01 9.99000371e-01 9.98905540e-01
 9.98897433e-01 9.98855591e-01 9.98842418e-01 9.98204827e-01
 9.98199701e-01 9.98109341e-01 9.98041868e-01 9.97895360e-01
 9.97880816e-01 9.97677982e-01 9.97673452e-01 9.97608185e-01
 9.97597158e-01 9.96882677e-01 9.96874571e-01 9.96753037e-01
 9.96745944e-01 9.95804846e-01 9.95741725e-01 9.95527565e-01
 9.95509744e-01 9.95312810e-01 9.95157182e-01 9.94996190e-01
 9.94963646e-01 9.94592726e-01 9.94461060e-01 9.93826807e-01
 9.93657291e-01 9.93449152e-01 9.93388653e-01 9.93001342e-01
 9.92958188e-01 9.92411256e-01 9.92173553e-01 9.90374088e-01
 9.90049601e-01 9.89358425e-01 9.89031017e-01 9.86987352e-01
 9.86891806e-01 9.86283422e-01 9.85923290e-01 9.85177398e-01
 9.84148383e-01 9.83938634e-01 9.82741892e-01 9.79339719e-01
 9.79287624e-01 9.76642966e-01 9.76633370e-01 9.74804044e-01
 9.74495351e-01 9.74395871e-01 9.73402202e-01 9.71059680e-01
 9.69465911e-01 9.68622744e-01 9.65664983e-01 9.65150535e-01
 9.61451769e-01 9.58514035e-01 9.54481542e-01 9.53352392e-01
 9.51563060e-01 9.41815794e-01 9.41752136e-01 9.41713750e-01
 9.41645861e-01 9.40470159e-01 9.37406600e-01 9.36475217e-01
 9.35328603e-01 9.34848607e-01 9.32606578e-01 9.28569734e-01
 9.21688139e-01 9.17035282e-01 9.14377630e-01 9.13927734e-01
 9.04620945e-01 9.01113093e-01 8.97527993e-01 8.89189541e-01
 8.73403132e-01 8.63442242e-01 8.61147583e-01 8.53492737e-01
 8.53176355e-01 8.52547765e-01 8.46497536e-01 8.45761120e-01
 8.36471140e-01 8.30859601e-01 8.23031783e-01 8.22894812e-01
 8.17112207e-01 8.14644337e-01 8.10197711e-01 8.03967774e-01
 7.91044950e-01 7.85115540e-01 7.58725822e-01 7.52802670e-01
 7.50359833e-01 7.45489895e-01 7.40642667e-01 7.39251196e-01
 7.28251755e-01 7.22994804e-01 7.20811307e-01 6.93205774e-01
 6.28845751e-01 6.17338717e-01 5.52074194e-01 5.42230904e-01
 5.25202513e-01 5.10054946e-01 4.78858352e-01 4.72185791e-01
 4.52389181e-01 4.46215600e-01 4.07428324e-01 3.90226543e-01
 3.68162394e-01 3.50374997e-01 2.93943256e-01 2.91453421e-01
 2.58108020e-01 2.57162809e-01 2.52008319e-01 2.51396090e-01
 2.13055953e-01 2.09206328e-01 1.68451607e-01 1.66680723e-01
 1.03993610e-01 1.03417024e-01 9.43616703e-02 9.31550637e-02
 6.41665086e-02 6.37049228e-02 6.33883327e-02 6.18372224e-02
 5.16927689e-02 5.05734719e-02 4.43979464e-02 4.29557860e-02
 2.26529315e-02 2.12251265e-02 2.07410604e-02 2.05818843e-02
 1.93666220e-02 1.89461913e-02 1.88212954e-02 1.84566714e-02
 1.79400723e-02 1.77287161e-02 1.77241489e-02 1.77099425e-02
 1.72771923e-02 1.71613321e-02 1.70659032e-02 1.67391133e-02
 1.63669586e-02 1.61845554e-02 1.58556253e-02 1.56844240e-02
 1.51618123e-02 1.49981845e-02 1.31343435e-02 1.31340157e-02
 1.30345793e-02 1.28293764e-02 1.17486799e-02 1.17226485e-02
 1.10905534e-02 1.08913705e-02 9.94483382e-03 9.83417314e-03
 9.74151678e-03 9.71563533e-03 9.29102860e-03 9.27769858e-03
 8.18851031e-03 8.17129947e-03 6.47603534e-03 6.47139503e-03
 5.84879052e-03 5.81115112e-03 5.63314604e-03 5.59310103e-03
 5.50470408e-03 5.50359208e-03 5.25466213e-03 5.23983594e-03
 5.09780087e-03 5.08618867e-03 4.75929771e-03 4.74490505e-03
 4.74474719e-03 4.73909872e-03 4.26639058e-03 4.26615961e-03
 4.07469412e-03 4.07249667e-03 3.19105550e-03 3.15579539e-03
 3.02383606e-03 3.00350040e-03 2.82366248e-03 2.81709922e-03
 2.72049499e-03 2.71663582e-03 2.61339941e-03 2.61314330e-03
 2.42973724e-03 2.42678938e-03 2.36126641e-03 2.35883007e-03
 2.25108140e-03 2.24941247e-03 2.24906229e-03 2.22397409e-03
 1.88248686e-03 1.88160024e-03 1.76616374e-03 1.76552578e-03
 1.50078780e-03 1.47585524e-03 1.46373082e-03 1.46242953e-03
 1.40580873e-03 1.40036421e-03 1.38274208e-03 1.37844984e-03
 1.28130557e-03 1.26233534e-03 1.12868461e-03 1.12857716e-03
 1.10339758e-03 1.09357724e-03 1.08563516e-03 1.08101883e-03
 1.02965580e-03 1.02626288e-03 9.52708593e-04 9.51739203e-04
 9.14525648e-04 9.14204575e-04 8.89642513e-04 8.83751607e-04
 8.44644383e-04 8.43919173e-04 7.88433827e-04 7.87506462e-04
 5.02332405e-04 4.97106637e-04 4.48149396e-04 4.46301943e-04
 4.22620651e-04 4.22219600e-04 3.52429022e-04 3.50850081e-04
 3.46460816e-04 3.46080022e-04 3.11758340e-04 3.10679199e-04
 2.72205216e-04 2.71664379e-04 2.24284813e-04 2.24283751e-04
 1.52691602e-04 1.52478300e-04 1.45894839e-04 1.45591606e-04
 1.39796888e-04 1.39740238e-04 1.17944954e-04 1.17870302e-04
 5.56787418e-05 5.56289051e-05 4.24099708e-05 4.23267738e-05
 3.88749067e-05 3.87868822e-05 3.51454073e-05 3.50881746e-05
 1.05579484e-05 1.05525824e-05 1.78063488e-06]",[0.21070033 0.21076368 0.21082707 ... 1.         1.         1.        ],[1.         1.         1.         ... 0.00285307 0.00142653 0.        ],"[1.7806349e-06 1.9066456e-06 2.7902615e-06 ... 9.9999571e-01 9.9999607e-01
 9.9999666e-01]"
0.5,21,1,128,256,,0,0.5,0.5,0.2590115112668372,759,sum,SAGEConv,1,2048,7,0.9296663660955816,0.8401639344262295,0.8773181169757489,0.8060288335517694,"[2.540603995323181, 2.424120008945465, 2.4183002710342407, 2.431178092956543, 2.4146135449409485, 2.467994809150696, 2.416052520275116, 2.4412872791290283, 2.419513702392578, 2.4142858386039734]",0.8701017804550297,0.9616473800348322,"[0.00000000e+00 0.00000000e+00 0.00000000e+00 3.80807312e-04
 3.80807312e-04 7.61614623e-04 7.61614623e-04 7.61614623e-04
 7.61614623e-04 1.14242193e-03 1.14242193e-03 1.14242193e-03
 1.14242193e-03 1.52322925e-03 1.52322925e-03 1.90403656e-03
 1.90403656e-03 1.90403656e-03 2.28484387e-03 2.28484387e-03
 2.28484387e-03 2.28484387e-03 2.28484387e-03 2.28484387e-03
 2.66565118e-03 2.66565118e-03 3.04645849e-03 3.04645849e-03
 3.04645849e-03 3.42726580e-03 3.42726580e-03 3.42726580e-03
 3.42726580e-03 3.80807312e-03 3.80807312e-03 3.80807312e-03
 3.80807312e-03 3.80807312e-03 3.80807312e-03 4.18888043e-03
 4.18888043e-03 4.18888043e-03 4.18888043e-03 4.18888043e-03
 4.18888043e-03 4.56968774e-03 4.56968774e-03 4.95049505e-03
 4.95049505e-03 4.95049505e-03 4.95049505e-03 4.95049505e-03
 4.95049505e-03 5.33130236e-03 5.33130236e-03 5.71210967e-03
 5.71210967e-03 6.09291698e-03 6.09291698e-03 6.47372430e-03
 6.47372430e-03 6.85453161e-03 7.23533892e-03 7.23533892e-03
 7.23533892e-03 7.23533892e-03 7.61614623e-03 7.61614623e-03
 7.61614623e-03 7.61614623e-03 7.99695354e-03 7.99695354e-03
 8.37776085e-03 8.37776085e-03 8.75856816e-03 8.75856816e-03
 8.75856816e-03 8.75856816e-03 9.13937548e-03 9.13937548e-03
 9.52018279e-03 9.52018279e-03 9.90099010e-03 9.90099010e-03
 1.02817974e-02 1.02817974e-02 1.06626047e-02 1.06626047e-02
 1.10434120e-02 1.10434120e-02 1.18050267e-02 1.18050267e-02
 1.21858340e-02 1.21858340e-02 1.25666413e-02 1.25666413e-02
 1.29474486e-02 1.29474486e-02 1.37090632e-02 1.37090632e-02
 1.40898705e-02 1.40898705e-02 1.44706778e-02 1.44706778e-02
 1.48514851e-02 1.48514851e-02 1.52322925e-02 1.52322925e-02
 1.56130998e-02 1.56130998e-02 1.63747144e-02 1.63747144e-02
 1.67555217e-02 1.67555217e-02 1.78979436e-02 1.78979436e-02
 1.82787510e-02 1.82787510e-02 1.90403656e-02 1.90403656e-02
 1.94211729e-02 1.94211729e-02 1.98019802e-02 1.98019802e-02
 2.01827875e-02 2.01827875e-02 2.09444021e-02 2.09444021e-02
 2.13252094e-02 2.13252094e-02 2.28484387e-02 2.28484387e-02
 2.32292460e-02 2.32292460e-02 2.36100533e-02 2.36100533e-02
 2.43716679e-02 2.43716679e-02 2.55140899e-02 2.55140899e-02
 2.58948972e-02 2.58948972e-02 2.62757045e-02 2.62757045e-02
 2.66565118e-02 2.66565118e-02 2.70373191e-02 2.70373191e-02
 2.81797411e-02 2.81797411e-02 2.93221630e-02 2.93221630e-02
 3.00837776e-02 3.00837776e-02 3.04645849e-02 3.04645849e-02
 3.12261995e-02 3.12261995e-02 3.16070069e-02 3.16070069e-02
 3.19878142e-02 3.19878142e-02 3.23686215e-02 3.23686215e-02
 3.27494288e-02 3.27494288e-02 3.31302361e-02 3.31302361e-02
 3.46534653e-02 3.46534653e-02 3.61766946e-02 3.61766946e-02
 3.73191165e-02 3.73191165e-02 3.76999238e-02 3.76999238e-02
 3.96039604e-02 3.96039604e-02 3.99847677e-02 3.99847677e-02
 4.03655750e-02 4.03655750e-02 4.11271896e-02 4.11271896e-02
 4.22696116e-02 4.22696116e-02 4.34120335e-02 4.34120335e-02
 4.37928408e-02 4.37928408e-02 4.41736481e-02 4.41736481e-02
 4.45544554e-02 4.45544554e-02 4.60776847e-02 4.60776847e-02
 4.68392993e-02 4.68392993e-02 4.72201066e-02 4.72201066e-02
 4.83625286e-02 4.83625286e-02 4.87433359e-02 4.87433359e-02
 5.29322163e-02 5.29322163e-02 5.40746382e-02 5.40746382e-02
 5.55978675e-02 5.55978675e-02 5.67402894e-02 5.67402894e-02
 5.82635187e-02 5.82635187e-02 5.90251333e-02 5.90251333e-02
 5.97867479e-02 5.97867479e-02 6.39756283e-02 6.39756283e-02
 6.51180503e-02 6.51180503e-02 6.58796649e-02 6.58796649e-02
 6.89261234e-02 6.89261234e-02 7.19725819e-02 7.19725819e-02
 8.14927647e-02 8.14927647e-02 8.37776085e-02 8.37776085e-02
 9.10129474e-02 9.10129474e-02 9.13937548e-02 9.13937548e-02
 9.29169840e-02 9.29169840e-02 9.52018279e-02 9.52018279e-02
 1.05483625e-01 1.05483625e-01 1.07387662e-01 1.07387662e-01
 1.08910891e-01 1.08910891e-01 1.09291698e-01 1.09291698e-01
 1.11195735e-01 1.11195735e-01 1.11576542e-01 1.11576542e-01
 1.13861386e-01 1.13861386e-01 1.14242193e-01 1.14242193e-01
 1.15384615e-01 1.15384615e-01 1.16527037e-01 1.16527037e-01
 1.18811881e-01 1.18811881e-01 1.21477532e-01 1.21477532e-01
 1.21858340e-01 1.21858340e-01 1.24523991e-01 1.24523991e-01
 1.26428027e-01 1.26428027e-01 1.29093679e-01 1.29093679e-01
 1.29474486e-01 1.29474486e-01 1.30997715e-01 1.30997715e-01
 1.37471439e-01 1.37471439e-01 1.53846154e-01 1.53846154e-01
 1.61462300e-01 1.61462300e-01 1.64508759e-01 1.64508759e-01
 1.66412795e-01 1.66412795e-01 1.70220868e-01 1.70220868e-01
 1.72505712e-01 1.72505712e-01 1.77837014e-01 1.77837014e-01
 1.78217822e-01 1.78217822e-01 1.85453161e-01 1.86214775e-01
 1.91926885e-01 1.91926885e-01 2.11728865e-01 2.11728865e-01
 2.16679360e-01 2.16679360e-01 2.22391470e-01 2.22391470e-01
 2.25818736e-01 2.25818736e-01 2.28865194e-01 2.28865194e-01
 2.35719726e-01 2.35719726e-01 2.37623762e-01 2.37623762e-01
 2.44097487e-01 2.44097487e-01 2.44478294e-01 2.44478294e-01
 2.63137852e-01 2.63137852e-01 2.71134806e-01 2.71134806e-01
 2.91698401e-01 2.91698401e-01 2.92840823e-01 2.92840823e-01
 3.01980198e-01 3.01980198e-01 3.03503427e-01 3.03503427e-01
 3.17593298e-01 3.17593298e-01 3.34729627e-01 3.34729627e-01
 3.37395278e-01 3.37395278e-01 3.41584158e-01 3.41584158e-01
 3.49200305e-01 3.49200305e-01 3.62909368e-01 3.62909368e-01
 3.67098248e-01 3.67098248e-01 3.73191165e-01 3.73191165e-01
 3.78141660e-01 3.78141660e-01 3.84996192e-01 3.84996192e-01
 4.49733435e-01 4.49733435e-01 4.68392993e-01 4.68392993e-01
 4.77151561e-01 4.77151561e-01 5.06092917e-01 5.06092917e-01
 5.07235339e-01 5.07235339e-01 5.27798934e-01 5.27798934e-01
 5.55597867e-01 5.55597867e-01 5.89489718e-01 5.89489718e-01
 6.55750190e-01 6.56511805e-01 6.66793602e-01 6.67555217e-01
 6.76694593e-01 6.77456207e-01 7.06016756e-01 7.06778370e-01
 8.24067022e-01 8.24067022e-01 8.59862909e-01 8.59862909e-01
 8.71667936e-01 8.72429551e-01 8.84234577e-01 8.84996192e-01
 9.75628332e-01 9.76389947e-01 1.00000000e+00]","[0.         0.00142653 0.01426534 0.01569187 0.0171184  0.01854494
 0.02282454 0.0256776  0.04136947 0.04136947 0.04279601 0.04850214
 0.05420827 0.05420827 0.06134094 0.06134094 0.06704708 0.06990014
 0.07132668 0.07417974 0.08273894 0.08559201 0.08844508 0.08987161
 0.08987161 0.09557775 0.09557775 0.09843081 0.11840228 0.11840228
 0.12268188 0.12553495 0.12838802 0.12838802 0.13266762 0.13552068
 0.13694722 0.13980029 0.14693295 0.14835949 0.14978602 0.15263909
 0.16690442 0.16975749 0.17974322 0.18116976 0.18830243 0.18830243
 0.19258203 0.19543509 0.19686163 0.19971469 0.20827389 0.20827389
 0.20970043 0.20970043 0.22253923 0.22253923 0.2382311  0.23965763
 0.24536377 0.2467903  0.24964337 0.25820257 0.26248217 0.29101284
 0.29101284 0.30242511 0.30527817 0.31383738 0.31383738 0.32524964
 0.32524964 0.35092725 0.35092725 0.35378031 0.35663338 0.38373752
 0.38373752 0.41797432 0.41797432 0.44935806 0.44935806 0.45078459
 0.45078459 0.49215407 0.49215407 0.4935806  0.4935806  0.5149786
 0.5149786  0.5278174  0.5278174  0.532097   0.532097   0.58487874
 0.58487874 0.58630528 0.58630528 0.59343795 0.59343795 0.60627675
 0.60627675 0.60912981 0.60912981 0.64479315 0.64479315 0.65049929
 0.65049929 0.68188302 0.68188302 0.70185449 0.70185449 0.71326676
 0.71326676 0.71754636 0.71754636 0.72182596 0.72182596 0.7318117
 0.7318117  0.73466476 0.73466476 0.74179743 0.74179743 0.74750357
 0.74750357 0.7660485  0.7660485  0.7703281  0.7703281  0.7788873
 0.7788873  0.78459344 0.78459344 0.78887304 0.78887304 0.79029957
 0.79029957 0.79600571 0.79600571 0.79885877 0.79885877 0.80599144
 0.80599144 0.80741797 0.80741797 0.80884451 0.80884451 0.81027104
 0.81027104 0.81312411 0.81312411 0.81455064 0.81455064 0.81740371
 0.81740371 0.82596291 0.82596291 0.82738944 0.82738944 0.82881598
 0.82881598 0.83024251 0.83024251 0.83309558 0.83309558 0.83452211
 0.83452211 0.83737518 0.83737518 0.84022825 0.84022825 0.84308131
 0.84308131 0.84593438 0.84593438 0.84736091 0.84736091 0.84878745
 0.84878745 0.85021398 0.85021398 0.85164051 0.85164051 0.85306705
 0.85306705 0.85449358 0.85449358 0.85592011 0.85592011 0.85877318
 0.85877318 0.86019971 0.86019971 0.86162625 0.86162625 0.86305278
 0.86305278 0.86447932 0.86447932 0.86590585 0.86590585 0.87018545
 0.87018545 0.87161198 0.87161198 0.87446505 0.87446505 0.87731812
 0.87731812 0.87874465 0.87874465 0.88017118 0.88017118 0.88159772
 0.88159772 0.88302425 0.88302425 0.88445078 0.88445078 0.88587732
 0.88587732 0.88730385 0.88730385 0.89015692 0.89015692 0.89158345
 0.89158345 0.89300999 0.89300999 0.89443652 0.89443652 0.89586305
 0.89586305 0.89728959 0.89728959 0.89871612 0.89871612 0.90014265
 0.90014265 0.90299572 0.90299572 0.90442225 0.90442225 0.90584879
 0.90584879 0.90727532 0.90727532 0.90870185 0.90870185 0.91012839
 0.91012839 0.91155492 0.91155492 0.91440799 0.91440799 0.91583452
 0.91583452 0.91726106 0.91726106 0.91868759 0.91868759 0.92011412
 0.92011412 0.92154066 0.92154066 0.92296719 0.92296719 0.92724679
 0.92724679 0.92867332 0.92867332 0.93009986 0.93009986 0.93152639
 0.93152639 0.93295292 0.93295292 0.93437946 0.93437946 0.93580599
 0.93580599 0.93723252 0.93723252 0.93865906 0.93865906 0.94008559
 0.94008559 0.94151213 0.94151213 0.94293866 0.94293866 0.94436519
 0.94436519 0.94436519 0.94436519 0.94579173 0.94579173 0.94721826
 0.94721826 0.95007133 0.95007133 0.95149786 0.95149786 0.95292439
 0.95292439 0.95435093 0.95435093 0.95577746 0.95577746 0.95720399
 0.95720399 0.95863053 0.95863053 0.96148359 0.96148359 0.96291013
 0.96291013 0.96433666 0.96433666 0.9657632  0.9657632  0.96718973
 0.96718973 0.96861626 0.96861626 0.9700428  0.9700428  0.97289586
 0.97289586 0.9743224  0.9743224  0.97574893 0.97574893 0.97717546
 0.97717546 0.978602   0.978602   0.98002853 0.98002853 0.98145506
 0.98145506 0.9828816  0.9828816  0.98430813 0.98430813 0.98573466
 0.98573466 0.9871612  0.9871612  0.98858773 0.98858773 0.99001427
 0.99001427 0.9914408  0.9914408  0.99286733 0.99286733 0.99429387
 0.99429387 0.9957204  0.9957204  0.99714693 0.99714693 0.99714693
 0.99714693 0.99714693 0.99714693 0.99714693 0.99714693 0.99714693
 0.99714693 0.99857347 0.99857347 1.         1.         1.
 1.         1.         1.         1.         1.        ]","[           inf 9.99996662e-01 9.99992490e-01 9.99992251e-01
 9.99991775e-01 9.99991298e-01 9.99990106e-01 9.99989867e-01
 9.99985695e-01 9.99985456e-01 9.99985337e-01 9.99985099e-01
 9.99983668e-01 9.99982595e-01 9.99979854e-01 9.99978662e-01
 9.99976516e-01 9.99976397e-01 9.99975801e-01 9.99975204e-01
 9.99974370e-01 9.99973655e-01 9.99973178e-01 9.99972939e-01
 9.99972820e-01 9.99971628e-01 9.99971032e-01 9.99970794e-01
 9.99964595e-01 9.99964356e-01 9.99963164e-01 9.99962449e-01
 9.99961615e-01 9.99961376e-01 9.99959350e-01 9.99958754e-01
 9.99958277e-01 9.99958038e-01 9.99955416e-01 9.99955058e-01
 9.99954820e-01 9.99954700e-01 9.99948978e-01 9.99947906e-01
 9.99943852e-01 9.99943137e-01 9.99938726e-01 9.99938011e-01
 9.99933481e-01 9.99933124e-01 9.99932408e-01 9.99931931e-01
 9.99927878e-01 9.99925494e-01 9.99923587e-01 9.99923110e-01
 9.99918580e-01 9.99917984e-01 9.99906421e-01 9.99904633e-01
 9.99900937e-01 9.99900222e-01 9.99899387e-01 9.99893188e-01
 9.99888659e-01 9.99867320e-01 9.99865770e-01 9.99857903e-01
 9.99857187e-01 9.99847412e-01 9.99845624e-01 9.99817669e-01
 9.99816954e-01 9.99785483e-01 9.99783337e-01 9.99778450e-01
 9.99773443e-01 9.99727786e-01 9.99723136e-01 9.99632597e-01
 9.99624968e-01 9.99506712e-01 9.99505997e-01 9.99482870e-01
 9.99474704e-01 9.99217272e-01 9.99207079e-01 9.99195397e-01
 9.99186099e-01 9.99065936e-01 9.99000371e-01 9.98905540e-01
 9.98897433e-01 9.98855591e-01 9.98842418e-01 9.98204827e-01
 9.98199701e-01 9.98109341e-01 9.98041868e-01 9.97895360e-01
 9.97880816e-01 9.97677982e-01 9.97673452e-01 9.97608185e-01
 9.97597158e-01 9.96882677e-01 9.96874571e-01 9.96753037e-01
 9.96745944e-01 9.95804846e-01 9.95741725e-01 9.95527565e-01
 9.95509744e-01 9.95312810e-01 9.95157182e-01 9.94996190e-01
 9.94963646e-01 9.94592726e-01 9.94461060e-01 9.93826807e-01
 9.93657291e-01 9.93449152e-01 9.93388653e-01 9.93001342e-01
 9.92958188e-01 9.92411256e-01 9.92173553e-01 9.90374088e-01
 9.90049601e-01 9.89358425e-01 9.89031017e-01 9.86987352e-01
 9.86891806e-01 9.86283422e-01 9.85923290e-01 9.85177398e-01
 9.84148383e-01 9.83938634e-01 9.82741892e-01 9.79339719e-01
 9.79287624e-01 9.76642966e-01 9.76633370e-01 9.74804044e-01
 9.74495351e-01 9.74395871e-01 9.73402202e-01 9.71059680e-01
 9.69465911e-01 9.68622744e-01 9.65664983e-01 9.65150535e-01
 9.61451769e-01 9.58514035e-01 9.54481542e-01 9.53352392e-01
 9.51563060e-01 9.41815794e-01 9.41752136e-01 9.41713750e-01
 9.41645861e-01 9.40470159e-01 9.37406600e-01 9.36475217e-01
 9.35328603e-01 9.34848607e-01 9.32606578e-01 9.28569734e-01
 9.21688139e-01 9.17035282e-01 9.14377630e-01 9.13927734e-01
 9.04620945e-01 9.01113093e-01 8.97527993e-01 8.89189541e-01
 8.73403132e-01 8.63442242e-01 8.61147583e-01 8.53492737e-01
 8.53176355e-01 8.52547765e-01 8.46497536e-01 8.45761120e-01
 8.36471140e-01 8.30859601e-01 8.23031783e-01 8.22894812e-01
 8.17112207e-01 8.14644337e-01 8.10197711e-01 8.03967774e-01
 7.91044950e-01 7.85115540e-01 7.58725822e-01 7.52802670e-01
 7.50359833e-01 7.45489895e-01 7.40642667e-01 7.39251196e-01
 7.28251755e-01 7.22994804e-01 7.20811307e-01 6.93205774e-01
 6.28845751e-01 6.17338717e-01 5.52074194e-01 5.42230904e-01
 5.25202513e-01 5.10054946e-01 4.78858352e-01 4.72185791e-01
 4.52389181e-01 4.46215600e-01 4.07428324e-01 3.90226543e-01
 3.68162394e-01 3.50374997e-01 2.93943256e-01 2.91453421e-01
 2.58108020e-01 2.57162809e-01 2.52008319e-01 2.51396090e-01
 2.13055953e-01 2.09206328e-01 1.68451607e-01 1.66680723e-01
 1.03993610e-01 1.03417024e-01 9.43616703e-02 9.31550637e-02
 6.41665086e-02 6.37049228e-02 6.33883327e-02 6.18372224e-02
 5.16927689e-02 5.05734719e-02 4.43979464e-02 4.29557860e-02
 2.26529315e-02 2.12251265e-02 2.07410604e-02 2.05818843e-02
 1.93666220e-02 1.89461913e-02 1.88212954e-02 1.84566714e-02
 1.79400723e-02 1.77287161e-02 1.77241489e-02 1.77099425e-02
 1.72771923e-02 1.71613321e-02 1.70659032e-02 1.67391133e-02
 1.63669586e-02 1.61845554e-02 1.58556253e-02 1.56844240e-02
 1.51618123e-02 1.49981845e-02 1.31343435e-02 1.31340157e-02
 1.30345793e-02 1.28293764e-02 1.17486799e-02 1.17226485e-02
 1.10905534e-02 1.08913705e-02 9.94483382e-03 9.83417314e-03
 9.74151678e-03 9.71563533e-03 9.29102860e-03 9.27769858e-03
 8.18851031e-03 8.17129947e-03 6.47603534e-03 6.47139503e-03
 5.84879052e-03 5.81115112e-03 5.63314604e-03 5.59310103e-03
 5.50470408e-03 5.50359208e-03 5.25466213e-03 5.23983594e-03
 5.09780087e-03 5.08618867e-03 4.75929771e-03 4.74490505e-03
 4.74474719e-03 4.73909872e-03 4.26639058e-03 4.26615961e-03
 4.07469412e-03 4.07249667e-03 3.19105550e-03 3.15579539e-03
 3.02383606e-03 3.00350040e-03 2.82366248e-03 2.81709922e-03
 2.72049499e-03 2.71663582e-03 2.61339941e-03 2.61314330e-03
 2.42973724e-03 2.42678938e-03 2.36126641e-03 2.35883007e-03
 2.25108140e-03 2.24941247e-03 2.24906229e-03 2.22397409e-03
 1.88248686e-03 1.88160024e-03 1.76616374e-03 1.76552578e-03
 1.50078780e-03 1.47585524e-03 1.46373082e-03 1.46242953e-03
 1.40580873e-03 1.40036421e-03 1.38274208e-03 1.37844984e-03
 1.28130557e-03 1.26233534e-03 1.12868461e-03 1.12857716e-03
 1.10339758e-03 1.09357724e-03 1.08563516e-03 1.08101883e-03
 1.02965580e-03 1.02626288e-03 9.52708593e-04 9.51739203e-04
 9.14525648e-04 9.14204575e-04 8.89642513e-04 8.83751607e-04
 8.44644383e-04 8.43919173e-04 7.88433827e-04 7.87506462e-04
 5.02332405e-04 4.97106637e-04 4.48149396e-04 4.46301943e-04
 4.22620651e-04 4.22219600e-04 3.52429022e-04 3.50850081e-04
 3.46460816e-04 3.46080022e-04 3.11758340e-04 3.10679199e-04
 2.72205216e-04 2.71664379e-04 2.24284813e-04 2.24283751e-04
 1.52691602e-04 1.52478300e-04 1.45894839e-04 1.45591606e-04
 1.39796888e-04 1.39740238e-04 1.17944954e-04 1.17870302e-04
 5.56787418e-05 5.56289051e-05 4.24099708e-05 4.23267738e-05
 3.88749067e-05 3.87868822e-05 3.51454073e-05 3.50881746e-05
 1.05579484e-05 1.05525824e-05 1.78063488e-06]",[0.21070033 0.21076368 0.21082707 ... 1.         1.         1.        ],[1.         1.         1.         ... 0.00285307 0.00142653 0.        ],"[1.7806349e-06 1.9066456e-06 2.7902615e-06 ... 9.9999571e-01 9.9999607e-01
 9.9999666e-01]"
0.5,21,1,128,256,,0,0.5,0.5,0.2590115112668372,281,sum,SAGEConv,1,2048,7,0.9296663660955816,0.8401639344262295,0.8773181169757489,0.8060288335517694,"[2.540603995323181, 2.424120008945465, 2.4183002710342407, 2.431178092956543, 2.4146135449409485, 2.467994809150696, 2.416052520275116, 2.4412872791290283, 2.419513702392578, 2.4142858386039734]",0.8701017804550297,0.9616473800348322,"[0.00000000e+00 0.00000000e+00 0.00000000e+00 3.80807312e-04
 3.80807312e-04 7.61614623e-04 7.61614623e-04 7.61614623e-04
 7.61614623e-04 1.14242193e-03 1.14242193e-03 1.14242193e-03
 1.14242193e-03 1.52322925e-03 1.52322925e-03 1.90403656e-03
 1.90403656e-03 1.90403656e-03 2.28484387e-03 2.28484387e-03
 2.28484387e-03 2.28484387e-03 2.28484387e-03 2.28484387e-03
 2.66565118e-03 2.66565118e-03 3.04645849e-03 3.04645849e-03
 3.04645849e-03 3.42726580e-03 3.42726580e-03 3.42726580e-03
 3.42726580e-03 3.80807312e-03 3.80807312e-03 3.80807312e-03
 3.80807312e-03 3.80807312e-03 3.80807312e-03 4.18888043e-03
 4.18888043e-03 4.18888043e-03 4.18888043e-03 4.18888043e-03
 4.18888043e-03 4.56968774e-03 4.56968774e-03 4.95049505e-03
 4.95049505e-03 4.95049505e-03 4.95049505e-03 4.95049505e-03
 4.95049505e-03 5.33130236e-03 5.33130236e-03 5.71210967e-03
 5.71210967e-03 6.09291698e-03 6.09291698e-03 6.47372430e-03
 6.47372430e-03 6.85453161e-03 7.23533892e-03 7.23533892e-03
 7.23533892e-03 7.23533892e-03 7.61614623e-03 7.61614623e-03
 7.61614623e-03 7.61614623e-03 7.99695354e-03 7.99695354e-03
 8.37776085e-03 8.37776085e-03 8.75856816e-03 8.75856816e-03
 8.75856816e-03 8.75856816e-03 9.13937548e-03 9.13937548e-03
 9.52018279e-03 9.52018279e-03 9.90099010e-03 9.90099010e-03
 1.02817974e-02 1.02817974e-02 1.06626047e-02 1.06626047e-02
 1.10434120e-02 1.10434120e-02 1.18050267e-02 1.18050267e-02
 1.21858340e-02 1.21858340e-02 1.25666413e-02 1.25666413e-02
 1.29474486e-02 1.29474486e-02 1.37090632e-02 1.37090632e-02
 1.40898705e-02 1.40898705e-02 1.44706778e-02 1.44706778e-02
 1.48514851e-02 1.48514851e-02 1.52322925e-02 1.52322925e-02
 1.56130998e-02 1.56130998e-02 1.63747144e-02 1.63747144e-02
 1.67555217e-02 1.67555217e-02 1.78979436e-02 1.78979436e-02
 1.82787510e-02 1.82787510e-02 1.90403656e-02 1.90403656e-02
 1.94211729e-02 1.94211729e-02 1.98019802e-02 1.98019802e-02
 2.01827875e-02 2.01827875e-02 2.09444021e-02 2.09444021e-02
 2.13252094e-02 2.13252094e-02 2.28484387e-02 2.28484387e-02
 2.32292460e-02 2.32292460e-02 2.36100533e-02 2.36100533e-02
 2.43716679e-02 2.43716679e-02 2.55140899e-02 2.55140899e-02
 2.58948972e-02 2.58948972e-02 2.62757045e-02 2.62757045e-02
 2.66565118e-02 2.66565118e-02 2.70373191e-02 2.70373191e-02
 2.81797411e-02 2.81797411e-02 2.93221630e-02 2.93221630e-02
 3.00837776e-02 3.00837776e-02 3.04645849e-02 3.04645849e-02
 3.12261995e-02 3.12261995e-02 3.16070069e-02 3.16070069e-02
 3.19878142e-02 3.19878142e-02 3.23686215e-02 3.23686215e-02
 3.27494288e-02 3.27494288e-02 3.31302361e-02 3.31302361e-02
 3.46534653e-02 3.46534653e-02 3.61766946e-02 3.61766946e-02
 3.73191165e-02 3.73191165e-02 3.76999238e-02 3.76999238e-02
 3.96039604e-02 3.96039604e-02 3.99847677e-02 3.99847677e-02
 4.03655750e-02 4.03655750e-02 4.11271896e-02 4.11271896e-02
 4.22696116e-02 4.22696116e-02 4.34120335e-02 4.34120335e-02
 4.37928408e-02 4.37928408e-02 4.41736481e-02 4.41736481e-02
 4.45544554e-02 4.45544554e-02 4.60776847e-02 4.60776847e-02
 4.68392993e-02 4.68392993e-02 4.72201066e-02 4.72201066e-02
 4.83625286e-02 4.83625286e-02 4.87433359e-02 4.87433359e-02
 5.29322163e-02 5.29322163e-02 5.40746382e-02 5.40746382e-02
 5.55978675e-02 5.55978675e-02 5.67402894e-02 5.67402894e-02
 5.82635187e-02 5.82635187e-02 5.90251333e-02 5.90251333e-02
 5.97867479e-02 5.97867479e-02 6.39756283e-02 6.39756283e-02
 6.51180503e-02 6.51180503e-02 6.58796649e-02 6.58796649e-02
 6.89261234e-02 6.89261234e-02 7.19725819e-02 7.19725819e-02
 8.14927647e-02 8.14927647e-02 8.37776085e-02 8.37776085e-02
 9.10129474e-02 9.10129474e-02 9.13937548e-02 9.13937548e-02
 9.29169840e-02 9.29169840e-02 9.52018279e-02 9.52018279e-02
 1.05483625e-01 1.05483625e-01 1.07387662e-01 1.07387662e-01
 1.08910891e-01 1.08910891e-01 1.09291698e-01 1.09291698e-01
 1.11195735e-01 1.11195735e-01 1.11576542e-01 1.11576542e-01
 1.13861386e-01 1.13861386e-01 1.14242193e-01 1.14242193e-01
 1.15384615e-01 1.15384615e-01 1.16527037e-01 1.16527037e-01
 1.18811881e-01 1.18811881e-01 1.21477532e-01 1.21477532e-01
 1.21858340e-01 1.21858340e-01 1.24523991e-01 1.24523991e-01
 1.26428027e-01 1.26428027e-01 1.29093679e-01 1.29093679e-01
 1.29474486e-01 1.29474486e-01 1.30997715e-01 1.30997715e-01
 1.37471439e-01 1.37471439e-01 1.53846154e-01 1.53846154e-01
 1.61462300e-01 1.61462300e-01 1.64508759e-01 1.64508759e-01
 1.66412795e-01 1.66412795e-01 1.70220868e-01 1.70220868e-01
 1.72505712e-01 1.72505712e-01 1.77837014e-01 1.77837014e-01
 1.78217822e-01 1.78217822e-01 1.85453161e-01 1.86214775e-01
 1.91926885e-01 1.91926885e-01 2.11728865e-01 2.11728865e-01
 2.16679360e-01 2.16679360e-01 2.22391470e-01 2.22391470e-01
 2.25818736e-01 2.25818736e-01 2.28865194e-01 2.28865194e-01
 2.35719726e-01 2.35719726e-01 2.37623762e-01 2.37623762e-01
 2.44097487e-01 2.44097487e-01 2.44478294e-01 2.44478294e-01
 2.63137852e-01 2.63137852e-01 2.71134806e-01 2.71134806e-01
 2.91698401e-01 2.91698401e-01 2.92840823e-01 2.92840823e-01
 3.01980198e-01 3.01980198e-01 3.03503427e-01 3.03503427e-01
 3.17593298e-01 3.17593298e-01 3.34729627e-01 3.34729627e-01
 3.37395278e-01 3.37395278e-01 3.41584158e-01 3.41584158e-01
 3.49200305e-01 3.49200305e-01 3.62909368e-01 3.62909368e-01
 3.67098248e-01 3.67098248e-01 3.73191165e-01 3.73191165e-01
 3.78141660e-01 3.78141660e-01 3.84996192e-01 3.84996192e-01
 4.49733435e-01 4.49733435e-01 4.68392993e-01 4.68392993e-01
 4.77151561e-01 4.77151561e-01 5.06092917e-01 5.06092917e-01
 5.07235339e-01 5.07235339e-01 5.27798934e-01 5.27798934e-01
 5.55597867e-01 5.55597867e-01 5.89489718e-01 5.89489718e-01
 6.55750190e-01 6.56511805e-01 6.66793602e-01 6.67555217e-01
 6.76694593e-01 6.77456207e-01 7.06016756e-01 7.06778370e-01
 8.24067022e-01 8.24067022e-01 8.59862909e-01 8.59862909e-01
 8.71667936e-01 8.72429551e-01 8.84234577e-01 8.84996192e-01
 9.75628332e-01 9.76389947e-01 1.00000000e+00]","[0.         0.00142653 0.01426534 0.01569187 0.0171184  0.01854494
 0.02282454 0.0256776  0.04136947 0.04136947 0.04279601 0.04850214
 0.05420827 0.05420827 0.06134094 0.06134094 0.06704708 0.06990014
 0.07132668 0.07417974 0.08273894 0.08559201 0.08844508 0.08987161
 0.08987161 0.09557775 0.09557775 0.09843081 0.11840228 0.11840228
 0.12268188 0.12553495 0.12838802 0.12838802 0.13266762 0.13552068
 0.13694722 0.13980029 0.14693295 0.14835949 0.14978602 0.15263909
 0.16690442 0.16975749 0.17974322 0.18116976 0.18830243 0.18830243
 0.19258203 0.19543509 0.19686163 0.19971469 0.20827389 0.20827389
 0.20970043 0.20970043 0.22253923 0.22253923 0.2382311  0.23965763
 0.24536377 0.2467903  0.24964337 0.25820257 0.26248217 0.29101284
 0.29101284 0.30242511 0.30527817 0.31383738 0.31383738 0.32524964
 0.32524964 0.35092725 0.35092725 0.35378031 0.35663338 0.38373752
 0.38373752 0.41797432 0.41797432 0.44935806 0.44935806 0.45078459
 0.45078459 0.49215407 0.49215407 0.4935806  0.4935806  0.5149786
 0.5149786  0.5278174  0.5278174  0.532097   0.532097   0.58487874
 0.58487874 0.58630528 0.58630528 0.59343795 0.59343795 0.60627675
 0.60627675 0.60912981 0.60912981 0.64479315 0.64479315 0.65049929
 0.65049929 0.68188302 0.68188302 0.70185449 0.70185449 0.71326676
 0.71326676 0.71754636 0.71754636 0.72182596 0.72182596 0.7318117
 0.7318117  0.73466476 0.73466476 0.74179743 0.74179743 0.74750357
 0.74750357 0.7660485  0.7660485  0.7703281  0.7703281  0.7788873
 0.7788873  0.78459344 0.78459344 0.78887304 0.78887304 0.79029957
 0.79029957 0.79600571 0.79600571 0.79885877 0.79885877 0.80599144
 0.80599144 0.80741797 0.80741797 0.80884451 0.80884451 0.81027104
 0.81027104 0.81312411 0.81312411 0.81455064 0.81455064 0.81740371
 0.81740371 0.82596291 0.82596291 0.82738944 0.82738944 0.82881598
 0.82881598 0.83024251 0.83024251 0.83309558 0.83309558 0.83452211
 0.83452211 0.83737518 0.83737518 0.84022825 0.84022825 0.84308131
 0.84308131 0.84593438 0.84593438 0.84736091 0.84736091 0.84878745
 0.84878745 0.85021398 0.85021398 0.85164051 0.85164051 0.85306705
 0.85306705 0.85449358 0.85449358 0.85592011 0.85592011 0.85877318
 0.85877318 0.86019971 0.86019971 0.86162625 0.86162625 0.86305278
 0.86305278 0.86447932 0.86447932 0.86590585 0.86590585 0.87018545
 0.87018545 0.87161198 0.87161198 0.87446505 0.87446505 0.87731812
 0.87731812 0.87874465 0.87874465 0.88017118 0.88017118 0.88159772
 0.88159772 0.88302425 0.88302425 0.88445078 0.88445078 0.88587732
 0.88587732 0.88730385 0.88730385 0.89015692 0.89015692 0.89158345
 0.89158345 0.89300999 0.89300999 0.89443652 0.89443652 0.89586305
 0.89586305 0.89728959 0.89728959 0.89871612 0.89871612 0.90014265
 0.90014265 0.90299572 0.90299572 0.90442225 0.90442225 0.90584879
 0.90584879 0.90727532 0.90727532 0.90870185 0.90870185 0.91012839
 0.91012839 0.91155492 0.91155492 0.91440799 0.91440799 0.91583452
 0.91583452 0.91726106 0.91726106 0.91868759 0.91868759 0.92011412
 0.92011412 0.92154066 0.92154066 0.92296719 0.92296719 0.92724679
 0.92724679 0.92867332 0.92867332 0.93009986 0.93009986 0.93152639
 0.93152639 0.93295292 0.93295292 0.93437946 0.93437946 0.93580599
 0.93580599 0.93723252 0.93723252 0.93865906 0.93865906 0.94008559
 0.94008559 0.94151213 0.94151213 0.94293866 0.94293866 0.94436519
 0.94436519 0.94436519 0.94436519 0.94579173 0.94579173 0.94721826
 0.94721826 0.95007133 0.95007133 0.95149786 0.95149786 0.95292439
 0.95292439 0.95435093 0.95435093 0.95577746 0.95577746 0.95720399
 0.95720399 0.95863053 0.95863053 0.96148359 0.96148359 0.96291013
 0.96291013 0.96433666 0.96433666 0.9657632  0.9657632  0.96718973
 0.96718973 0.96861626 0.96861626 0.9700428  0.9700428  0.97289586
 0.97289586 0.9743224  0.9743224  0.97574893 0.97574893 0.97717546
 0.97717546 0.978602   0.978602   0.98002853 0.98002853 0.98145506
 0.98145506 0.9828816  0.9828816  0.98430813 0.98430813 0.98573466
 0.98573466 0.9871612  0.9871612  0.98858773 0.98858773 0.99001427
 0.99001427 0.9914408  0.9914408  0.99286733 0.99286733 0.99429387
 0.99429387 0.9957204  0.9957204  0.99714693 0.99714693 0.99714693
 0.99714693 0.99714693 0.99714693 0.99714693 0.99714693 0.99714693
 0.99714693 0.99857347 0.99857347 1.         1.         1.
 1.         1.         1.         1.         1.        ]","[           inf 9.99996662e-01 9.99992490e-01 9.99992251e-01
 9.99991775e-01 9.99991298e-01 9.99990106e-01 9.99989867e-01
 9.99985695e-01 9.99985456e-01 9.99985337e-01 9.99985099e-01
 9.99983668e-01 9.99982595e-01 9.99979854e-01 9.99978662e-01
 9.99976516e-01 9.99976397e-01 9.99975801e-01 9.99975204e-01
 9.99974370e-01 9.99973655e-01 9.99973178e-01 9.99972939e-01
 9.99972820e-01 9.99971628e-01 9.99971032e-01 9.99970794e-01
 9.99964595e-01 9.99964356e-01 9.99963164e-01 9.99962449e-01
 9.99961615e-01 9.99961376e-01 9.99959350e-01 9.99958754e-01
 9.99958277e-01 9.99958038e-01 9.99955416e-01 9.99955058e-01
 9.99954820e-01 9.99954700e-01 9.99948978e-01 9.99947906e-01
 9.99943852e-01 9.99943137e-01 9.99938726e-01 9.99938011e-01
 9.99933481e-01 9.99933124e-01 9.99932408e-01 9.99931931e-01
 9.99927878e-01 9.99925494e-01 9.99923587e-01 9.99923110e-01
 9.99918580e-01 9.99917984e-01 9.99906421e-01 9.99904633e-01
 9.99900937e-01 9.99900222e-01 9.99899387e-01 9.99893188e-01
 9.99888659e-01 9.99867320e-01 9.99865770e-01 9.99857903e-01
 9.99857187e-01 9.99847412e-01 9.99845624e-01 9.99817669e-01
 9.99816954e-01 9.99785483e-01 9.99783337e-01 9.99778450e-01
 9.99773443e-01 9.99727786e-01 9.99723136e-01 9.99632597e-01
 9.99624968e-01 9.99506712e-01 9.99505997e-01 9.99482870e-01
 9.99474704e-01 9.99217272e-01 9.99207079e-01 9.99195397e-01
 9.99186099e-01 9.99065936e-01 9.99000371e-01 9.98905540e-01
 9.98897433e-01 9.98855591e-01 9.98842418e-01 9.98204827e-01
 9.98199701e-01 9.98109341e-01 9.98041868e-01 9.97895360e-01
 9.97880816e-01 9.97677982e-01 9.97673452e-01 9.97608185e-01
 9.97597158e-01 9.96882677e-01 9.96874571e-01 9.96753037e-01
 9.96745944e-01 9.95804846e-01 9.95741725e-01 9.95527565e-01
 9.95509744e-01 9.95312810e-01 9.95157182e-01 9.94996190e-01
 9.94963646e-01 9.94592726e-01 9.94461060e-01 9.93826807e-01
 9.93657291e-01 9.93449152e-01 9.93388653e-01 9.93001342e-01
 9.92958188e-01 9.92411256e-01 9.92173553e-01 9.90374088e-01
 9.90049601e-01 9.89358425e-01 9.89031017e-01 9.86987352e-01
 9.86891806e-01 9.86283422e-01 9.85923290e-01 9.85177398e-01
 9.84148383e-01 9.83938634e-01 9.82741892e-01 9.79339719e-01
 9.79287624e-01 9.76642966e-01 9.76633370e-01 9.74804044e-01
 9.74495351e-01 9.74395871e-01 9.73402202e-01 9.71059680e-01
 9.69465911e-01 9.68622744e-01 9.65664983e-01 9.65150535e-01
 9.61451769e-01 9.58514035e-01 9.54481542e-01 9.53352392e-01
 9.51563060e-01 9.41815794e-01 9.41752136e-01 9.41713750e-01
 9.41645861e-01 9.40470159e-01 9.37406600e-01 9.36475217e-01
 9.35328603e-01 9.34848607e-01 9.32606578e-01 9.28569734e-01
 9.21688139e-01 9.17035282e-01 9.14377630e-01 9.13927734e-01
 9.04620945e-01 9.01113093e-01 8.97527993e-01 8.89189541e-01
 8.73403132e-01 8.63442242e-01 8.61147583e-01 8.53492737e-01
 8.53176355e-01 8.52547765e-01 8.46497536e-01 8.45761120e-01
 8.36471140e-01 8.30859601e-01 8.23031783e-01 8.22894812e-01
 8.17112207e-01 8.14644337e-01 8.10197711e-01 8.03967774e-01
 7.91044950e-01 7.85115540e-01 7.58725822e-01 7.52802670e-01
 7.50359833e-01 7.45489895e-01 7.40642667e-01 7.39251196e-01
 7.28251755e-01 7.22994804e-01 7.20811307e-01 6.93205774e-01
 6.28845751e-01 6.17338717e-01 5.52074194e-01 5.42230904e-01
 5.25202513e-01 5.10054946e-01 4.78858352e-01 4.72185791e-01
 4.52389181e-01 4.46215600e-01 4.07428324e-01 3.90226543e-01
 3.68162394e-01 3.50374997e-01 2.93943256e-01 2.91453421e-01
 2.58108020e-01 2.57162809e-01 2.52008319e-01 2.51396090e-01
 2.13055953e-01 2.09206328e-01 1.68451607e-01 1.66680723e-01
 1.03993610e-01 1.03417024e-01 9.43616703e-02 9.31550637e-02
 6.41665086e-02 6.37049228e-02 6.33883327e-02 6.18372224e-02
 5.16927689e-02 5.05734719e-02 4.43979464e-02 4.29557860e-02
 2.26529315e-02 2.12251265e-02 2.07410604e-02 2.05818843e-02
 1.93666220e-02 1.89461913e-02 1.88212954e-02 1.84566714e-02
 1.79400723e-02 1.77287161e-02 1.77241489e-02 1.77099425e-02
 1.72771923e-02 1.71613321e-02 1.70659032e-02 1.67391133e-02
 1.63669586e-02 1.61845554e-02 1.58556253e-02 1.56844240e-02
 1.51618123e-02 1.49981845e-02 1.31343435e-02 1.31340157e-02
 1.30345793e-02 1.28293764e-02 1.17486799e-02 1.17226485e-02
 1.10905534e-02 1.08913705e-02 9.94483382e-03 9.83417314e-03
 9.74151678e-03 9.71563533e-03 9.29102860e-03 9.27769858e-03
 8.18851031e-03 8.17129947e-03 6.47603534e-03 6.47139503e-03
 5.84879052e-03 5.81115112e-03 5.63314604e-03 5.59310103e-03
 5.50470408e-03 5.50359208e-03 5.25466213e-03 5.23983594e-03
 5.09780087e-03 5.08618867e-03 4.75929771e-03 4.74490505e-03
 4.74474719e-03 4.73909872e-03 4.26639058e-03 4.26615961e-03
 4.07469412e-03 4.07249667e-03 3.19105550e-03 3.15579539e-03
 3.02383606e-03 3.00350040e-03 2.82366248e-03 2.81709922e-03
 2.72049499e-03 2.71663582e-03 2.61339941e-03 2.61314330e-03
 2.42973724e-03 2.42678938e-03 2.36126641e-03 2.35883007e-03
 2.25108140e-03 2.24941247e-03 2.24906229e-03 2.22397409e-03
 1.88248686e-03 1.88160024e-03 1.76616374e-03 1.76552578e-03
 1.50078780e-03 1.47585524e-03 1.46373082e-03 1.46242953e-03
 1.40580873e-03 1.40036421e-03 1.38274208e-03 1.37844984e-03
 1.28130557e-03 1.26233534e-03 1.12868461e-03 1.12857716e-03
 1.10339758e-03 1.09357724e-03 1.08563516e-03 1.08101883e-03
 1.02965580e-03 1.02626288e-03 9.52708593e-04 9.51739203e-04
 9.14525648e-04 9.14204575e-04 8.89642513e-04 8.83751607e-04
 8.44644383e-04 8.43919173e-04 7.88433827e-04 7.87506462e-04
 5.02332405e-04 4.97106637e-04 4.48149396e-04 4.46301943e-04
 4.22620651e-04 4.22219600e-04 3.52429022e-04 3.50850081e-04
 3.46460816e-04 3.46080022e-04 3.11758340e-04 3.10679199e-04
 2.72205216e-04 2.71664379e-04 2.24284813e-04 2.24283751e-04
 1.52691602e-04 1.52478300e-04 1.45894839e-04 1.45591606e-04
 1.39796888e-04 1.39740238e-04 1.17944954e-04 1.17870302e-04
 5.56787418e-05 5.56289051e-05 4.24099708e-05 4.23267738e-05
 3.88749067e-05 3.87868822e-05 3.51454073e-05 3.50881746e-05
 1.05579484e-05 1.05525824e-05 1.78063488e-06]",[0.21070033 0.21076368 0.21082707 ... 1.         1.         1.        ],[1.         1.         1.         ... 0.00285307 0.00142653 0.        ],"[1.7806349e-06 1.9066456e-06 2.7902615e-06 ... 9.9999571e-01 9.9999607e-01
 9.9999666e-01]"
