K,layers,hidden_channels,out_channels,norm,lr,treatment,dropout,ratio,seed,aggregation,model_type,batch_size,rate_pairs,reliable_mini_batch,clusters,accuracy,f1,recall,precision,losses,f1_std
7.0,2.0,256.0,256.0,,0.0091796864244778,removal,0.0,0.2357706857480928,366.6,sum,GCNConv,10.0,12.0,1.0,100.0,0.9450516986706056,0.9064911670877928,0.8819070904645476,0.9325141512509116,"[9.683533310890198, 10.524458646774292, 9.80202704668045, 9.407855987548828, 9.032375872135162, 8.643994569778442, 8.301288485527039, 7.900980830192566, 7.960893601179123, 7.60006982088089, 7.295340716838837, 6.895213782787323, 6.364173889160156, 6.0488468408584595, 5.723369508981705, 5.474753826856613, 4.9048546850681305, 4.900366693735123, 4.622416079044342, 4.276661068201065, 4.26768633723259, 4.040286660194397, 3.5906289517879486, 3.5217401683330536, 3.386017471551895, 3.0630289912223816, 2.930443599820137, 2.7799112051725388, 2.616364002227783, 2.5033176094293594, 2.437832161784172, 2.3804337084293365, 2.1382138580083847, 2.0599847584962845, 1.8997679650783539, 1.884767934679985, 1.8538629710674286, 1.7185436487197876, 1.7251097112894058, 1.6584230363368988, 1.550133541226387, 1.5009529143571854, 1.4149110987782478, 1.3437515869736671, 1.294879324734211, 1.283571995794773, 1.2069302424788475, 1.1639877632260323, 1.1540158465504646, 1.0896523147821426]",0.0059957547393499734
9.0,2.0,256.0,256.0,,0.009219719444749,removal,0.0,0.2297515950922553,366.6,sum,GCNConv,10.0,12.0,1.0,100.0,0.9437223042836042,0.9038974387508618,0.8765281173594133,0.9331340149245658,"[11.025129497051239, 12.057486295700073, 11.239533305168152, 10.747805893421173, 10.406965553760529, 9.92681074142456, 9.540465533733368, 9.14365041255951, 9.261526703834534, 8.93781167268753, 8.67564481496811, 8.148509323596954, 7.610735177993774, 7.268776148557663, 6.915117084980011, 6.672911137342453, 5.994247734546661, 6.058706909418106, 5.7426373064517975, 5.329587340354919, 5.365715891122818, 5.0760223269462585, 4.518582671880722, 4.436951220035553, 4.2706625163555145, 3.860800564289093, 3.6851311028003693, 3.4990460127592087, 3.28953318297863, 3.1426442563533783, 3.050574153661728, 2.989530459046364, 2.669746473431587, 2.566481113433838, 2.367278978228569, 2.3435610085725784, 2.2981084138154984, 2.121825262904167, 2.131212368607521, 2.038881704211235, 1.9014636427164078, 1.8427315056324005, 1.7345988601446152, 1.6442109048366547, 1.5829312056303024, 1.5644754394888878, 1.4657636135816574, 1.4133106023073196, 1.401184007525444, 1.31711695343256]",0.0069803484857104735
9.0,2.0,256.0,256.0,,0.0091779504767131,removal,0.0,0.2224604324933725,366.6,sum,GCNConv,10.0,12.0,1.0,100.0,0.9437223042836042,0.9030863370226268,0.8684596577017114,0.9406490772408013,"[11.017319321632385, 12.021059215068817, 11.271384179592133, 10.721162557601929, 10.344262778759003, 9.949833273887634, 9.551826179027557, 9.117731809616089, 9.228519260883331, 8.934598922729492, 8.653105914592743, 8.164758443832397, 7.59306675195694, 7.289140343666077, 6.9343613386154175, 6.680004388093948, 6.014574021100998, 6.101215988397598, 5.774630486965179, 5.329879999160767, 5.369089722633362, 5.082396298646927, 4.522940009832382, 4.439860433340073, 4.267513871192932, 3.8831438422203064, 3.698756217956543, 3.519371882081032, 3.30935400724411, 3.168501377105713, 3.0641990303993225, 3.0054080188274384, 2.6851859241724014, 2.5832174122333527, 2.3749366849660873, 2.359331324696541, 2.3118195682764053, 2.1341278105974197, 2.1455840915441513, 2.052553653717041, 1.9184178411960602, 1.8534238189458847, 1.7443054765462875, 1.6573544293642044, 1.5922219976782799, 1.573295883834362, 1.4760803952813148, 1.424545757472515, 1.4085602015256882, 1.324618399143219]",0.009058793057685893
9.0,2.0,256.0,256.0,,0.0092291065592092,removal,0.0,0.2343093738437733,366.6,sum,GCNConv,10.0,14.0,1.0,100.0,0.9426883308714918,0.9029422093238724,0.882640586797066,0.9242147530187103,"[11.092004597187042, 12.117808938026428, 11.269780814647675, 10.80434399843216, 10.4628946185112, 9.983447253704071, 9.58854854106903, 9.16818881034851, 9.28429639339447, 8.967391788959503, 8.691453695297241, 8.162250876426697, 7.626948297023773, 7.269841969013214, 6.932611644268036, 6.686898648738861, 6.019874632358551, 6.084557324647903, 5.7429279088974, 5.350874990224838, 5.387690782546997, 5.0869932770729065, 4.5287182331085205, 4.445722222328186, 4.279175013303757, 3.872133255004883, 3.6920862048864365, 3.504094287753105, 3.293723985552788, 3.146792709827423, 3.052423909306526, 2.9948390424251556, 2.6748445630073547, 2.572201907634735, 2.372137561440468, 2.347422882914543, 2.301385745406151, 2.1236125081777573, 2.1338777393102646, 2.0408902317285538, 1.9051740020513535, 1.8491843491792679, 1.7377155721187592, 1.6496639251708984, 1.5853958874940872, 1.567055106163025, 1.4679796770215034, 1.4162883013486862, 1.4006831422448158, 1.3203790932893753]",0.004783490755442826
8.0,2.0,256.0,256.0,,0.0092438806535711,removal,0.0,0.2281564530672701,366.6,sum,GCNConv,10.0,14.0,1.0,100.0,0.9420236336779911,0.9011593572871627,0.8753056234718827,0.9286397827129731,"[10.422083258628845, 11.289634644985199, 10.595857799053192, 10.147472202777863, 9.75435882806778, 9.392458409070969, 8.984784305095673, 8.577531933784485, 8.645333766937256, 8.323340475559235, 8.014952957630157, 7.564888656139374, 7.010690093040466, 6.674405157566071, 6.326699376106262, 6.101359575986862, 5.490691035985947, 5.508576512336731, 5.1803092658519745, 4.803291380405426, 4.810248076915741, 4.535775184631348, 4.0462287068367, 3.969163328409195, 3.807078033685684, 3.450548470020294, 3.292664796113968, 3.130351275205612, 2.938895672559738, 2.809270143508911, 2.734581172466278, 2.6687055975198746, 2.385685995221138, 2.302038311958313, 2.1191090047359467, 2.1050700694322586, 2.058028683066368, 1.9092904329299927, 1.9219331592321396, 1.8378959596157074, 1.7136416882276535, 1.6690862625837326, 1.564411237835884, 1.4869764298200607, 1.4288154244422913, 1.4188333451747894, 1.3301668241620064, 1.2854243963956833, 1.2684410065412521, 1.2003525495529175]",0.008347815577774243
12.0,2.0,256.0,256.0,,0.0087307159369043,removal,0.0,0.2237660239361683,366.6,sum,GCNConv,10.0,10.0,1.0,100.0,0.9416543574593795,0.8996810241387635,0.8665036674816626,0.9355512145727378,"[12.735853612422943, 14.06026405096054, 13.158901751041412, 12.48175299167633, 12.209951877593994, 11.736590564250946, 11.294804811477661, 10.875239133834839, 11.057833313941956, 10.83929055929184, 10.619770467281342, 9.968444287776947, 9.350681364536285, 8.998010456562042, 8.723691642284393, 8.455676198005676, 7.675339728593826, 7.9536556005477905, 7.590814173221588, 7.102673709392548, 7.286707162857056, 6.9163510501384735, 6.249459266662598, 6.194085508584976, 6.0023335218429565, 5.475385546684265, 5.25605446100235, 5.028831496834755, 4.7417919635772705, 4.5620880126953125, 4.458017289638519, 4.362165421247482, 3.888686090707779, 3.7468016147613525, 3.4480034708976746, 3.4273144006729126, 3.3539534509181976, 3.089541718363762, 3.102573573589325, 2.9681784212589264, 2.7546942681074142, 2.6635886877775192, 2.5038204342126846, 2.374550297856331, 2.2701843827962875, 2.2555340975522995, 2.1016627848148346, 2.021794855594635, 1.9928214102983475, 1.882208064198494]",0.009780471667446245
9.0,2.0,256.0,256.0,,0.0082086350617858,removal,0.0,0.196743913747843,366.6,sum,GCNConv,10.0,14.0,1.0,100.0,0.9412850812407682,0.8968960870350443,0.845965770171149,0.9544638741638518,"[11.396848678588867, 12.320142984390259, 11.524800956249237, 11.142479002475739, 10.722342848777771, 10.325717031955719, 9.969328224658966, 9.517514050006866, 9.738495886325836, 9.465481340885162, 9.24279499053955, 8.702390134334564, 8.119002223014832, 7.855767130851746, 7.545079708099365, 7.322629153728485, 6.652989953756332, 6.788789451122284, 6.45555853843689, 6.034292757511139, 6.156053423881531, 5.8462066650390625, 5.2664684653282166, 5.1899502873420715, 5.012118607759476, 4.567847579717636, 4.406547397375107, 4.213479429483414, 3.969702899456024, 3.8225723206996918, 3.703698009252548, 3.6480719447135925, 3.278633952140808, 3.1591808795928955, 2.9247736632823944, 2.8946087062358856, 2.833201050758362, 2.6183286011219025, 2.647813096642494, 2.5224110037088394, 2.364488959312439, 2.285674899816513, 2.161904290318489, 2.0558391362428665, 1.9675806611776352, 1.9385541677474976, 1.828872688114643, 1.762082278728485, 1.7408406138420105, 1.643376663327217]",0.009896487088539265
10.0,2.0,256.0,256.0,,0.0084073960963666,removal,0.0,0.1979841811061537,366.6,sum,GCNConv,10.0,4.0,1.0,100.0,0.9410635155096012,0.8960667303693273,0.8418092909535453,0.958057527489632,"[12.013548791408539, 12.996600866317749, 12.279950857162476, 11.715506434440613, 11.373719990253448, 10.906289935112, 10.494676172733307, 10.095336258411407, 10.278818190097809, 10.04324620962143, 9.783934831619263, 9.161661446094513, 8.621017098426819, 8.360241293907166, 8.014557659626007, 7.776373088359833, 7.065393537282944, 7.234635353088379, 6.909870982170105, 6.440376818180084, 6.598673939704895, 6.2691188752651215, 5.65750178694725, 5.58458149433136, 5.395360022783279, 4.903693825006485, 4.738077402114868, 4.518267393112183, 4.25929868221283, 4.101163059473038, 3.9803576171398163, 3.925675004720688, 3.516678601503372, 3.382831245660782, 3.1305244266986847, 3.0976844429969788, 3.034748688340187, 2.802248954772949, 2.8194156289100647, 2.692590653896332, 2.520466908812523, 2.436372697353363, 2.2993208467960358, 2.183306410908699, 2.0881096869707108, 2.0630196034908295, 1.9345697909593582, 1.8626397401094437, 1.8450546711683273, 1.742802619934082]",0.008811743117296272
10.0,2.0,256.0,256.0,,0.0087419473065535,removal,0.0,0.1922243655848708,366.6,sum,GCNConv,10.0,11.0,1.0,100.0,0.9409158050221565,0.8956811346330898,0.8403422982885086,0.9589786359315313,"[11.783874809741974, 12.799245536327362, 12.016929805278778, 11.500712096691132, 11.148355662822723, 10.743392169475555, 10.300516247749329, 9.888986706733704, 10.033498585224152, 9.791310548782349, 9.514465510845184, 9.016151309013367, 8.389053881168365, 8.102595210075378, 7.738825678825378, 7.503163158893585, 6.799444377422333, 7.00378030538559, 6.613994538784027, 6.1677029728889465, 6.281112551689148, 5.950377315282822, 5.347137451171875, 5.28761088848114, 5.091922640800476, 4.610923498868942, 4.432353913784027, 4.239941030740738, 3.98629167675972, 3.8244045674800873, 3.7219179570674896, 3.6418913304805756, 3.2409104108810425, 3.1313327252864838, 2.887113079428673, 2.85468690097332, 2.799254670739174, 2.5848652869462967, 2.604473516345024, 2.4826644361019135, 2.315696120262146, 2.2333947718143463, 2.10542693734169, 2.0035113096237183, 1.9158388823270798, 1.89330293238163, 1.7720087170600891, 1.7146899849176407, 1.6926507204771042, 1.5950160026550293]",0.00999585929106438
9.0,2.0,256.0,256.0,,0.0093513336115895,removal,0.0,0.22302333614521758,366.6,sum,GCNConv,10.0,12.0,1.0,100.0,0.9379615952732644,0.8936197461458688,0.863080684596577,0.9264697557251281,"[11.050804078578949, 12.005153715610504, 11.281096756458282, 10.72669529914856, 10.34344208240509, 9.978816747665405, 9.547523736953735, 9.105704009532928, 9.17841649055481, 8.901162922382355, 8.595003545284271, 8.106185138225555, 7.517409801483154, 7.201767027378082, 6.848725318908691, 6.593395352363586, 5.942387819290161, 6.018334865570068, 5.6475227773189545, 5.24590528011322, 5.268091410398483, 4.9737522304058075, 4.441286146640778, 4.366380006074905, 4.168206214904785, 3.791464865207672, 3.6155195236206055, 3.438978537917137, 3.218213975429535, 3.079574480652809, 2.992606595158577, 2.9224367886781693, 2.6152793914079666, 2.512025073170662, 2.309830069541931, 2.292596384882927, 2.242826744914055, 2.0726569145917892, 2.0844591856002808, 1.9900869131088257, 1.8617723137140274, 1.8027193397283554, 1.6925625503063202, 1.6085234135389328, 1.548625186085701, 1.5257133916020393, 1.4328932464122772, 1.3830609917640686, 1.3638973087072372, 1.2890026345849037]",0.010828768072709254
10.0,2.0,256.0,256.0,,0.0088324891840841,removal,0.0,0.1879933144399258,366.6,sum,GCNConv,10.0,11.0,1.0,100.0,0.9392909896602658,0.8925109417848933,0.8352078239608802,0.9584519742898898,"[11.979506611824036, 12.947477161884308, 12.136010825634003, 11.651728391647339, 11.252594590187073, 10.786879658699036, 10.382404565811157, 9.950422704219818, 10.118506252765656, 9.848501443862915, 9.564489603042603, 9.051853060722351, 8.403859913349152, 8.125067293643951, 7.765394568443298, 7.511362969875336, 6.815589219331741, 6.982325375080109, 6.613096654415131, 6.168099105358124, 6.276536285877228, 5.9341365694999695, 5.320979803800583, 5.258753031492233, 5.066437244415283, 4.590658605098724, 4.410086050629616, 4.226278081536293, 3.9666362702846527, 3.8083470165729523, 3.6950254142284393, 3.625867486000061, 3.23008793592453, 3.1142078638076782, 2.8720523566007614, 2.8421603590250015, 2.7755444049835205, 2.573710724711418, 2.589074522256851, 2.4691399335861206, 2.30538709461689, 2.2150853276252747, 2.0967589616775513, 1.9939567297697067, 1.906497597694397, 1.8796963393688202, 1.7644236832857132, 1.7055154889822006, 1.6838719695806503, 1.5854534059762955]",0.012107512625854373
12.0,2.0,256.0,256.0,,0.007550534116279201,removal,0.0,0.1614629455552354,366.6,sum,GCNConv,10.0,8.0,1.0,200.0,0.9384047267355982,0.892318377764963,0.8449877750611247,0.9452814049687838,"[41.258031368255615, 38.80404877662659, 36.418245911598206, 34.79171860218048, 32.54026859998703, 28.380001068115234, 27.552067637443542, 25.906803369522095, 22.53539514541626, 22.037506937980652, 20.575629830360413, 19.165988624095917, 18.092363506555557, 16.690198630094528, 16.16243267059326, 14.730130076408386, 14.06496810913086, 12.799239993095398, 11.90837088227272, 11.081851124763489, 10.914038360118866, 9.684524595737457, 9.403574109077454, 8.408371090888977, 8.271393328905106, 7.76880955696106, 7.310585826635361, 6.756341889500618, 6.402681887149811, 5.952160030603409, 5.810495957732201, 5.4092395305633545, 5.053783029317856, 4.776539668440819, 4.479216881096363, 4.5670448541641235, 4.191175848245621, 3.8970805406570435, 3.8238978534936905, 3.670328564941883, 3.5115475207567215, 3.403721645474434, 3.166835092008114, 3.0778418108820915, 2.910871244966984, 2.796942561864853, 2.698745049536228, 2.571223884820938, 2.5011674761772156, 2.4102932959795]",0.007348177376469768
10.0,2.0,256.0,256.0,,0.0085314454956479,removal,0.0,0.1910792170609371,366.6,sum,GCNConv,10.0,10.0,1.0,100.0,0.9387001477104875,0.89110997151633,0.8315403422982884,0.9602142188812517,"[11.881007194519043, 12.882992148399353, 12.09996646642685, 11.589959919452667, 11.25523853302002, 10.841687083244324, 10.397130072116852, 10.00847977399826, 10.187189161777496, 9.905813097953796, 9.657865047454834, 9.141927242279053, 8.513350486755371, 8.219805479049683, 7.8809961676597595, 7.636300444602966, 6.9430564641952515, 7.145196974277496, 6.784390926361084, 6.33033299446106, 6.46405103802681, 6.11045041680336, 5.511781543493271, 5.454993277788162, 5.26422855257988, 4.771923750638962, 4.596689283847809, 4.40331269800663, 4.141896486282349, 3.9806849658489227, 3.8767732679843903, 3.8015925884246826, 3.3820279836654663, 3.2631219923496246, 3.0150912702083588, 2.9816470742225647, 2.9163525998592377, 2.707854777574539, 2.7224102318286896, 2.5990886092185974, 2.422180026769638, 2.3349645137786865, 2.2068001478910446, 2.094147711992264, 2.0060674399137497, 1.9830598086118698, 1.8578475713729858, 1.7961876541376114, 1.7738847881555557, 1.670262411236763]",0.012762649136857982
5.0,2.0,64.0,64.0,,0.0097517992572631,removal,0.0,0.2571839473900323,366.6,sum,GCNConv,10.0,7.0,1.0,200.0,0.9324224519940916,0.8905028367157588,0.9097799511002445,0.8720623565846207,"[22.177130043506622, 21.337112188339233, 20.213485300540924, 17.60858678817749, 15.489131569862366, 13.945136934518814, 12.457878947257996, 11.488712012767792, 9.979526042938232, 8.88954308629036, 7.598603188991547, 7.0433075577020645, 6.227836713194847, 5.771007761359215, 5.054628893733025, 4.7757363468408585, 4.34523318707943, 3.9503263533115387, 3.7727865278720856, 3.3813990131020546, 3.1254218444228172, 2.9080989360809326, 2.7377536334097385, 2.5888103246688843, 2.3524628207087517, 2.239191457629204, 2.164033994078636, 1.9203851446509361, 1.9190815351903439, 1.8028838634490967, 1.6545759737491608, 1.5912445187568665, 1.4749312847852707, 1.4274497516453266, 1.3887447156012058, 1.3334273397922516, 1.2366353385150433, 1.2127936743199825, 1.1485756151378155, 1.118387158960104, 1.0818642433732748, 1.058157041668892, 0.9780830070376396, 0.9601679109036922, 0.9023466762155294, 0.8707407806068659, 0.846826046705246, 0.8034405447542667, 0.7920703068375587, 0.7734523843973875]",0.004198338216975262
5.0,2.0,128.0,256.0,,0.0093863447444839,removal,0.0,0.2461680834302587,366.6,sum,GCNConv,10.0,13.0,1.0,300.0,0.9332348596750369,0.8904255083835675,0.8980440097799512,0.8829384871559555,"[30.36860352754593, 26.671366304159164, 23.01579937338829, 19.344540007412434, 16.61497774720192, 14.557529121637344, 12.180976912379265, 9.926226884126663, 8.998075425624847, 7.683914840221405, 6.412347212433815, 5.80336544662714, 5.236071616411209, 4.382189832627773, 4.024777114391327, 3.683502309024334, 3.259893909096718, 3.026967888697982, 2.712436515837908, 2.5420725271105766, 2.3252124674618244, 2.156153280287981, 1.9841285832226276, 1.8988737612962723, 1.7280421517789364, 1.638588733971119, 1.5183939523994923, 1.4289403557777405, 1.3756696917116642, 1.2720149606466293, 1.213839065283537, 1.1877859737724066, 1.1253548916429281, 1.0344706326723099, 1.0046344809234142, 0.9326025750488043, 0.9169705007225275, 0.8456532116979361, 0.8366198781877756, 0.7820626208558679, 0.7448288099840283, 0.7102848916547373, 0.6765771182253957, 0.6657916931435466, 0.6374529292806983, 0.5900300517678261, 0.5703824376687407, 0.568769802339375, 0.5518439197912812, 0.5161536396481097]",0.0029511477775266324
8.0,2.0,256.0,128.0,,0.0004252814564586,removal,0.0,0.1903377301581703,366.6,sum,GATConv,10.0,4.0,1.0,100.0,0.936632200886263,0.8904153877597636,0.852322738386308,0.9321427361205386,"[12.480867207050323, 12.27596390247345, 12.763823390007019, 12.651142537593842, 12.342251658439636, 12.205182611942291, 13.121261477470398, 12.266709089279175, 12.149854898452759, 12.444010853767395, 12.392360091209412, 12.204147279262543, 12.43994003534317, 11.88271415233612, 12.267403841018677, 12.41882574558258, 12.460588097572327, 12.703447580337524, 11.982086062431335, 12.280463755130768, 12.240678369998932, 12.148655712604523, 12.232736706733704, 12.147943794727325, 12.126712501049042, 11.964247822761536, 12.157686650753021, 12.289457619190216, 11.371366798877716, 12.084785759449005, 11.851565480232239, 11.776183426380157, 11.784494161605835, 11.978215754032135, 11.732784688472748, 12.079889118671417, 10.886197090148926, 11.746447384357452, 11.932084560394287, 11.239005029201508, 11.953918039798737, 11.987157642841339, 11.59940367937088, 11.808197379112244, 11.474597930908203, 11.38354116678238, 11.403018593788147, 11.670588731765747, 11.270785748958588, 11.65482085943222]",0.0019804970061163864
8.0,1.0,256.0,256.0,,0.0097535593418071,removal,0.0,0.2656230827295309,366.6,sum,GATConv,15.0,12.0,1.0,100.0,0.9322008862629246,0.8901147595749246,0.9092909535452323,0.8717691567520529,"[8.331645965576172, 8.360896825790405, 8.166459321975708, 7.186101734638214, 7.314434885978699, 7.161989271640778, 7.149336278438568, 6.888852477073669, 6.8944251537323, 6.6074493527412415, 6.589287638664246, 6.288684129714966, 6.0062185525894165, 5.63618677854538, 5.988370835781097, 5.437944948673248, 5.013306438922882, 5.079007685184479, 4.914694249629974, 4.472316384315491, 4.5291982889175415, 4.240390956401825, 4.015836149454117, 3.958943098783493, 3.8453271687030792, 3.581308752298355, 3.463596224784851, 3.46507066488266, 3.1241975724697113, 3.1684906482696533, 3.0783894658088684, 2.805064469575882, 2.6616945564746857, 2.534824162721634, 2.4613667130470276, 2.373532295227051, 2.3243954181671143, 2.165609359741211, 2.1080457866191864, 1.993882343173027, 1.9391288757324219, 1.7927183508872986, 1.8796864598989487, 1.782576784491539, 1.673700675368309, 1.592477411031723, 1.6160838901996613, 1.5159159749746323, 1.4649487137794495, 1.410158932209015]",0.007538712049309915
10.0,2.0,256.0,256.0,,0.0086472572173192,removal,0.0,0.185500252645427,366.6,sum,GCNConv,10.0,11.0,1.0,100.0,0.9368537666174298,0.8878089629686887,0.828117359413203,0.9570884336458245,"[11.976188361644745, 12.96335768699646, 12.203709065914154, 11.712137460708618, 11.305461823940277, 10.854329288005829, 10.430515944957733, 10.035831332206726, 10.19962990283966, 9.935994923114777, 9.701918482780457, 9.133230686187744, 8.514756739139557, 8.216236770153046, 7.876222789287567, 7.633248686790466, 6.9466493129730225, 7.122824192047119, 6.737227499485016, 6.29539030790329, 6.424461871385574, 6.0707880556583405, 5.479804486036301, 5.404653191566467, 5.214691698551178, 4.7228831350803375, 4.546226501464844, 4.329255938529968, 4.096555531024933, 3.9437493979930878, 3.818758875131607, 3.7586495876312256, 3.357825458049774, 3.2274595201015472, 2.980511963367462, 2.9420230239629745, 2.881881535053253, 2.6606047600507736, 2.68520125746727, 2.55937197804451, 2.391294628381729, 2.306647941470146, 2.1789143085479736, 2.068775698542595, 1.982174128293991, 1.9535187631845474, 1.8428419530391693, 1.7706067711114883, 1.7519502490758896, 1.6476477831602097]",0.011626987295884938
8.0,2.0,256.0,256.0,,0.0082107418789294,removal,0.0,0.20499734511226037,366.6,sum,GATConv,10.0,15.0,1.0,100.0,0.9331610044313147,0.8869724238335708,0.8687041564792175,0.9061466310455103,"[11.891880571842194, 11.329942226409912, 11.265900075435638, 10.699760794639587, 10.926367342472076, 9.94900757074356, 10.06658810377121, 9.297334730625153, 8.941449582576752, 8.808371007442474, 8.714250206947327, 8.230197727680206, 8.022027432918549, 7.528132677078247, 7.291643738746643, 6.7624940276145935, 6.541444838047028, 6.2091429233551025, 6.190053343772888, 5.779798924922943, 5.49132513999939, 5.354557275772095, 4.980541318655014, 4.689969778060913, 4.462487876415253, 4.381555557250977, 4.048757344484329, 3.904144763946533, 3.73827663064003, 3.439847946166992, 3.32810840010643, 3.1948519945144653, 3.0483278334140778, 2.96981343626976, 2.776976987719536, 2.64611853659153, 2.522096633911133, 2.388231933116913, 2.2863809317350388, 2.189115360379219, 2.148562729358673, 2.0348943769931793, 1.9396790117025375, 1.8739637285470963, 1.8228407502174377, 1.8516356498003006, 1.7439765930175781, 1.6078512519598007, 1.57156153768301, 1.534002423286438]",0.00918960868664238
11.0,2.0,64.0,256.0,,0.0081123852733087,removal,0.0,0.1990791856999136,366.6,sum,GCNConv,10.0,8.0,1.0,100.0,0.9335302806499263,0.8857977886845086,0.8533007334963326,0.9208734203911542,"[13.983119010925293, 13.816223680973053, 14.007550358772278, 13.06159383058548, 13.565120816230774, 12.676393210887909, 11.614868104457855, 11.750625371932983, 11.529310762882233, 11.207620203495026, 10.46283358335495, 10.584467589855194, 9.936446487903595, 9.35282278060913, 9.246684551239014, 9.093352437019348, 8.807524263858795, 8.656964004039764, 8.34303992986679, 7.9175887405872345, 7.767141222953796, 7.692532122135162, 6.958447605371475, 6.808466196060181, 6.50790548324585, 6.40620881319046, 5.975360870361328, 5.5905512273311615, 6.008049726486206, 5.222167819738388, 5.074796587228775, 4.898259729146957, 4.5392796993255615, 4.517142981290817, 4.342773139476776, 4.006062552332878, 3.8726155757904053, 3.7134046256542206, 3.5757011771202087, 3.465515673160553, 3.330018535256386, 3.07800655066967, 3.0469958782196045, 2.939870461821556, 2.8288054764270782, 2.7187125235795975, 2.610501229763031, 2.5448279827833176, 2.4135582596063614, 2.3460536897182465]",0.015006178294946708
4.0,1.0,128.0,256.0,,0.0093324977540338,removal,0.0,0.2408119914635633,366.6,sum,GATConv,10.0,7.0,1.0,400.0,0.9302067946824225,0.8833190495424976,0.8743276283618581,0.8926428252643793,"[37.66852715611458, 31.391301929950714, 25.81020712852478, 20.043332010507584, 15.818489715456963, 12.513889614492655, 10.39039295911789, 8.537857718765736, 7.095969140529633, 6.059668034315109, 5.337309144437313, 4.719754588790238, 4.0368114318698645, 3.5737388357520103, 3.311069034039974, 2.9607871994376183, 2.612870119512081, 2.4924542661756277, 2.216834358870983, 2.066189317032695, 1.9551199227571487, 1.8354518506675959, 1.635201235767454, 1.5452831238508224, 1.4316645581275225, 1.3001332599669695, 1.2301063518971205, 1.161402300465852, 1.0987695036455989, 1.0330302827060223, 0.9683424727991223, 0.9014990390278399, 0.8657484604045749, 0.8130449140444398, 0.803804256953299, 0.7446815557777882, 0.7258698595687747, 0.6746777941007167, 0.6489147152751684, 0.6424234299920499, 0.5959424963220954, 0.5705398606369272, 0.5331899793818593, 0.5229525696486235, 0.5146562596783042, 0.4646078816149384, 0.4635376203805208, 0.4403530266135931, 0.4267726340331137, 0.4073908117134124]",0.0038928177713044017
4.0,2.0,64.0,64.0,,0.0099920096116225,removal,0.0,0.2652206227239873,366.6,sum,GCNConv,10.0,5.0,1.0,200.0,0.9282865583456428,0.8825595920004009,0.8921760391198044,0.873248233368742,"[19.32950097322464, 18.345328986644745, 17.136934399604797, 14.784081608057022, 12.943511337041855, 11.472849696874619, 10.197117000818253, 9.348645269870758, 8.017497926950455, 7.054845303297043, 6.0692058801651, 5.580145448446274, 4.981810420751572, 4.604091256856918, 4.017590627074242, 3.8221958726644516, 3.4554772824048996, 3.152522601187229, 3.0133835077285767, 2.7074623703956604, 2.5170239955186844, 2.336972802877426, 2.213418621569872, 2.0856012254953384, 1.90822284668684, 1.8206170797348022, 1.7481615282595158, 1.5574088990688324, 1.557692475616932, 1.4654054567217827, 1.3493885770440102, 1.2899894565343857, 1.2038640528917313, 1.1580314598977566, 1.135036550462246, 1.0845522917807102, 1.010313419625163, 0.9969217516481876, 0.9404587037861347, 0.9136920068413019, 0.8890111371874809, 0.8652879390865564, 0.7988340426236391, 0.7882489990442991, 0.742998793721199, 0.7192465104162693, 0.6949050296097994, 0.6591233145445585, 0.6498780250549316, 0.6365718729794025]",0.0024545040560955077
4.0,2.0,64.0,256.0,,0.0089920849323361,removal,0.0,0.2157019109230013,366.6,sum,GATConv,10.0,15.0,1.0,200.0,0.9299852289512556,0.8819123286468054,0.865525672371638,0.8989410703580534,"[19.13687491416931, 18.54436022043228, 15.804390728473663, 14.245986521244049, 12.817185580730438, 11.849093675613403, 10.235723435878754, 9.269143253564835, 8.403937041759491, 7.591234236955643, 6.655515879392624, 6.021482169628143, 5.553305298089981, 4.949953705072403, 4.590717479586601, 4.195216357707977, 3.890607014298439, 3.5412090569734573, 3.2248356640338898, 3.0207275450229645, 2.8194893524050713, 2.69658275693655, 2.4538761600852013, 2.285334661602974, 2.224346086382866, 2.15631203353405, 1.9230894669890404, 1.8471440747380257, 1.707723282277584, 1.6623548418283463, 1.5092959702014923, 1.4399506412446499, 1.405247040092945, 1.3530216366052628, 1.2792224697768688, 1.223028276115656, 1.1680333241820335, 1.1397623345255852, 1.0907447636127472, 1.0690068155527115, 1.004141092300415, 0.9422513656318188, 0.9042306244373322, 0.8718404695391655, 0.8563639670610428, 0.814667372033, 0.8069934658706188, 0.7588547393679619, 0.7416664287447929, 0.6936382371932268]",0.005417192122444926
12.0,2.0,256.0,256.0,,0.0088581151228961,removal,0.0,0.2165647409550539,366.6,sum,GCNConv,10.0,7.0,1.0,300.0,0.9304283604135893,0.8818566233735761,0.8596577017114914,0.9052609702712464,"[49.95277464389801, 44.20972663164139, 42.618324756622314, 36.59345006942749, 33.083192050457, 29.876385986804962, 28.577871173620224, 24.85828161239624, 21.734426885843277, 18.98029461503029, 16.624153673648834, 15.514950692653656, 13.081367403268814, 12.118722081184387, 10.376049771904945, 9.263709768652916, 8.192541107535362, 7.640739515423775, 6.898998290300369, 6.283386398106813, 5.545156769454479, 5.093818545341492, 4.601101078093052, 4.349585846066475, 4.315873898565769, 3.806113511323929, 3.3988471515476704, 3.483205419033766, 3.019822247326374, 2.994901742786169, 2.788644567131996, 2.5345640182495117, 2.3786360397934914, 2.2935978211462498, 2.1846617870032787, 2.0891053304076195, 1.961950233206153, 1.860249824821949, 1.6952864490449429, 1.739865455776453, 1.594679156318307, 1.542772639542818, 1.4783409610390663, 1.408416260033846, 1.3782037701457739, 1.2970116659998894, 1.2536895871162415, 1.2097001727670431, 1.1724576242268085, 1.0981334671378136]",0.007404393865376259
7.0,2.0,64.0,64.0,,0.0091048318253897,removal,0.0,0.2392856511914027,366.6,sum,GCNConv,15.0,15.0,1.0,400.0,0.9285819793205319,0.8808506790784065,0.8740831295843521,0.8877463476590643,"[37.5875723361969, 35.174404323101044, 31.007308542728424, 26.56325501203537, 23.995613873004913, 20.49086230993271, 18.638059228658676, 15.727177292108536, 14.011650621891022, 12.163926005363464, 10.846583902835846, 9.648554265499115, 8.620328232645988, 7.588617995381355, 6.85039322078228, 6.117480054497719, 5.553217951208353, 5.126682981848717, 4.795681647956371, 4.418599098920822, 4.076648309826851, 3.65986380726099, 3.4090613648295403, 3.2307597249746323, 2.971906363964081, 2.8027835078537464, 2.557352092117071, 2.4739627689123154, 2.29689808934927, 2.1530790254473686, 2.067449204623699, 1.9435809217393398, 1.84419409558177, 1.7667855359613895, 1.7253435514867306, 1.5763589292764664, 1.5273892246186733, 1.4380653463304043, 1.4141404684633017, 1.3320231884717941, 1.2957154661417007, 1.2253024894744158, 1.183099513873458, 1.119251150637865, 1.090878201648593, 1.059508403763175, 1.034950004890561, 0.9791202694177628, 0.9153618961572647, 0.8915610294789076]",0.005925480069911506
4.0,2.0,64.0,64.0,,0.0092732767506496,removal,0.0,0.2421630300724368,366.6,sum,GCNConv,10.0,9.0,1.0,300.0,0.9279172821270312,0.8803938913151252,0.878239608801956,0.8825853197437932,"[27.342337995767593, 24.562543004751205, 19.811745315790176, 16.984592989087105, 14.370463520288467, 12.16296100616455, 10.343761846423149, 9.186854213476181, 7.6922584772109985, 6.58463267236948, 5.695307865738869, 5.053549975156784, 4.531123347580433, 3.875921882688999, 3.5558678582310677, 3.360840130597353, 3.0185214430093765, 2.7451891228556633, 2.5097175426781178, 2.289941545575857, 2.1200859621167183, 1.9744346216320992, 1.8883716277778149, 1.7325766570866108, 1.5664670355618, 1.4578133709728718, 1.393776142038405, 1.3372298050671816, 1.251791775226593, 1.2209855876863003, 1.144363971427083, 1.059209305793047, 1.0019993297755718, 0.9325092332437634, 0.944148794747889, 0.8424798911437392, 0.8420358784496784, 0.7750885523855686, 0.7694520493969321, 0.73683887347579, 0.6940979044884443, 0.6478828210383654, 0.6283777710050344, 0.6203368743881583, 0.5912612900137901, 0.5725092403590679, 0.5476656332612038, 0.5281878123059869, 0.5065263882279396, 0.48872169433161616]",0.009226536029609917
4.0,2.0,64.0,256.0,,0.0096326686104024,removal,0.0,0.24354438892979063,366.6,sum,GCNConv,10.0,6.0,1.0,300.0,0.9283604135893648,0.88036565278774,0.8726161369193154,0.8882758285736838,"[25.145998686552048, 23.118682712316513, 19.290308088064194, 15.956552430987358, 12.759090825915337, 11.175534382462502, 9.406732589006424, 8.207354947924614, 6.731694281101227, 5.748309955000877, 5.033228807151318, 4.431359648704529, 3.926314666867256, 3.5787669643759727, 3.2545040994882584, 2.853720236569643, 2.6160219572484493, 2.3776422291994095, 2.2206656467169523, 2.0451521016657352, 1.919875144958496, 1.7207635305821896, 1.6055789534002542, 1.4885183032602072, 1.3834644760936499, 1.337013117969036, 1.2095978446304798, 1.1786697767674923, 1.1248389473184943, 1.0324474265798926, 0.9830793756991625, 0.9519845433533192, 0.8851449806243181, 0.8359914626926184, 0.7948897304013371, 0.7829347625374794, 0.752120123244822, 0.695652318187058, 0.6576248090714216, 0.6475652800872922, 0.5966888470575213, 0.5773505344986916, 0.5556923113763332, 0.5210766112431884, 0.5181850236840546, 0.49203892424702644, 0.47996928449720144, 0.4621125338599086, 0.4429636928252876, 0.41318379808217287]",0.005824255806999439
5.0,2.0,64.0,256.0,,0.0087547601690602,removal,0.0,0.24061288277456333,366.6,mean,GCNConv,15.0,15.0,1.0,400.0,0.9269571639586411,0.8787772734617205,0.8762836185819071,0.8812984101261154,"[27.75226253271103, 26.98561143875122, 22.988510191440582, 20.66086506843567, 17.78583687543869, 15.930101811885834, 13.053897023200989, 11.386986821889877, 9.939035177230835, 8.684408783912659, 7.980986505746841, 7.002057775855064, 6.051211088895798, 5.680219791829586, 5.117884159088135, 4.439347915351391, 4.13791847974062, 3.7347457334399223, 3.51644017547369, 3.115593548864126, 2.9300404265522957, 2.756109841167927, 2.4212882947176695, 2.320936683565378, 2.2517622373998165, 2.086533110588789, 2.0006623156368732, 1.8533801771700382, 1.765275951474905, 1.6393405944108963, 1.6020262651145458, 1.4727146662771702, 1.3922753222286701, 1.3168662376701832, 1.2712596002966166, 1.1958530005067587, 1.1431263405829668, 1.0833165477961302, 1.073999797925353, 1.0098003186285496, 0.9546296801418066, 0.9256460033357143, 0.9152206648141146, 0.8557801386341453, 0.7898928383365273, 0.7964279390871525, 0.7615108117461205, 0.7393687833100557, 0.727515047416091, 0.6669997312128544]",0.010387785583941425
4.0,2.0,64.0,256.0,,0.0091780799782327,removal,0.0,0.23648761430862617,366.6,sum,GCNConv,10.0,13.0,1.0,200.0,0.9241506646971935,0.8740036805333429,0.8711491442542787,0.8769804440214217,"[19.877353131771088, 17.264073729515076, 16.74959248304367, 15.200800359249115, 12.768515527248383, 11.780537128448486, 10.60307052731514, 9.537838339805603, 8.172534942626953, 7.314634874463081, 6.676273196935654, 5.8889637142419815, 5.265337452292442, 4.982622593641281, 4.42051637172699, 4.048705697059631, 3.6678682565689087, 3.4434359818696976, 3.1636521443724632, 2.993140920996666, 2.6829388812184334, 2.5632929652929306, 2.4275793582201004, 2.244339682161808, 2.079374633729458, 1.971060510724783, 1.8978994153439999, 1.7835832051932812, 1.6295725516974926, 1.5684472918510437, 1.493595514446497, 1.4506021924316883, 1.3354722820222378, 1.299072615802288, 1.236092947423458, 1.183029480278492, 1.1439299993216991, 1.1151256524026394, 1.0146476551890373, 0.9931778330355883, 0.9620532598346472, 0.890340693295002, 0.8989877309650183, 0.8401952981948853, 0.8241896387189627, 0.7893660385161638, 0.7618041820824146, 0.7532204519957304, 0.7177253570407629, 0.6833670306950808]",0.0065659056689001466
5.0,2.0,64.0,256.0,,0.0093407833839695,removal,0.0,0.2477485602873327,366.6,sum,GCNConv,15.0,2.0,1.0,400.0,0.9233382570162479,0.8731050861119009,0.8728606356968216,0.8733704399131286,"[27.698290169239044, 26.75000512599945, 22.60397297143936, 20.022984474897385, 17.04525923728943, 15.072167843580246, 12.236849278211594, 10.555691570043564, 9.237734615802765, 8.014054656028748, 7.301508605480194, 6.381081238389015, 5.512930810451508, 5.163623213768005, 4.6588364988565445, 4.008892804384232, 3.7440045066177845, 3.3835543766617775, 3.176152743399143, 2.8077032677829266, 2.6496478356420994, 2.483146660029888, 2.196495905518532, 2.096742257475853, 2.037792347371578, 1.8876714743673801, 1.808250181376934, 1.6698006018996239, 1.59071134775877, 1.4825296513736248, 1.4477440156042576, 1.3326028659939766, 1.2563971560448408, 1.1876041609793901, 1.1488300021737814, 1.0801128186285496, 1.0338470675051212, 0.9744033683091402, 0.971062689088285, 0.9135581143200397, 0.8595617432147264, 0.8373659383505583, 0.8250543009489775, 0.772463196888566, 0.7133626090362668, 0.7199280858039856, 0.6895418148487806, 0.6658277083188295, 0.6554195694625378, 0.6041109263896942]",0.012881131359434719
5.0,1.0,256.0,64.0,,0.0044877740446023,removal,0.0,0.2854163871152272,366.6,mean,SAGEConv,15.0,13.0,1.0,400.0,0.9228951255539142,0.8721891708713004,0.8711491442542787,0.8733957593872594,"[32.88053697347641, 31.84205389022827, 30.48662042617798, 28.42429357767105, 26.726863145828247, 25.18718934059143, 23.916267335414886, 22.146956205368042, 20.988316655158997, 19.488512456417084, 18.15514174103737, 16.858033031225204, 15.57514888048172, 14.639064639806747, 13.866850346326828, 12.452172428369522, 11.714505851268768, 11.027475252747536, 10.409213170409203, 9.594139724969864, 8.906786501407623, 8.304320693016052, 8.070412904024124, 7.639272838830948, 7.026536360383034, 6.6506567895412445, 6.126989305019379, 5.908837303519249, 5.575325712561607, 5.409659333527088, 5.074276484549046, 4.744573965668678, 4.534930892288685, 4.187011508271098, 4.165183037519455, 3.977490320801735, 3.750693269073963, 3.646240234375, 3.4641407877206802, 3.366130694746971, 3.180539958178997, 3.121812842786312, 2.9785544872283936, 2.8038352243602276, 2.7253052219748497, 2.6809862554073334, 2.5340920500457287, 2.475184515118599, 2.3394664712250233, 2.2022551484405994]",0.0029973650123877003
4.0,2.0,64.0,256.0,,0.0088680122179323,removal,0.0,0.2416250534480978,366.6,sum,GATConv,15.0,7.0,1.0,400.0,0.9228951255539144,0.8720092261398694,0.869682151589242,0.8745425997342867,"[25.310979038476944, 22.94277250766754, 20.38052871823311, 17.26516705751419, 15.142828226089478, 12.912649035453796, 11.211787596344948, 9.870454356074333, 8.320825144648552, 7.374515667557716, 6.448885500431061, 5.7765302658081055, 5.176438570022583, 4.680423930287361, 4.242560535669327, 3.6918120682239532, 3.3799336031079292, 3.0857897251844406, 2.878664292395115, 2.6896194145083427, 2.5267845764756203, 2.3302825316786766, 2.154651079326868, 2.027119480073452, 1.880961611866951, 1.7685816213488579, 1.6224421486258507, 1.5583238564431667, 1.46241295337677, 1.377155926078558, 1.3301229625940323, 1.2755965888500214, 1.206447983160615, 1.1565663032233715, 1.0775500796735287, 1.0582246761769056, 0.9729510527104139, 0.9421491362154484, 0.9322916492819786, 0.8717964068055153, 0.8202118948101997, 0.7983171474188566, 0.7835197113454342, 0.7303576841950417, 0.7263635452836752, 0.6634228257462382, 0.6401958158239722, 0.6410730173811316, 0.6179531086236238, 0.6002492355182767]",0.002626312585750928
5.0,2.0,64.0,256.0,,0.0079105417311151,removal,0.0,0.2919189124470774,366.6,sum,SAGEConv,10.0,15.0,1.0,400.0,0.920384047267356,0.8707111272356307,0.8875305623471883,0.8545181572355215,"[43.5504684895277, 38.10679894685745, 33.360233038663864, 28.18963286280632, 23.08742406219244, 18.992848176509142, 15.774662137031555, 13.418902680277824, 11.18539184331894, 9.955870538949966, 8.647099930793047, 7.497255988419056, 6.462517186999321, 5.80058528482914, 4.926541981316404, 4.775747068226337, 4.190750542096794, 3.8353675715625286, 3.570113193243742, 3.290093559771776, 2.957589467987418, 2.8469697050750256, 2.490377701818943, 2.3634050926193595, 2.233845915645361, 2.1392517257481813, 2.0043683853000402, 1.7996810153126717, 1.70821719057858, 1.619094269350171, 1.5252513475716114, 1.4486930128186941, 1.3536476381123066, 1.2841965733096004, 1.2227219752967358, 1.137074830941856, 1.1178141152486205, 1.0261008392553777, 0.9657604284584522, 0.9664495959877968, 0.9288370842114091, 0.887356273829937, 0.826110134832561, 0.8080812264233828, 0.7635522985365242, 0.7394600063562393, 0.7273118207231164, 0.6938111986964941, 0.6644950499758124, 0.641063102055341]",0.0019791268680010477
4.0,2.0,64.0,256.0,,0.0092135277549153,removal,0.0,0.24488053130885962,366.6,sum,GATConv,10.0,4.0,1.0,400.0,0.9200886262924668,0.8695751751339914,0.8819070904645476,0.8575952659871543,"[37.009750962257385, 30.899519994854927, 25.593976974487305, 20.515100091695786, 16.116845548152924, 13.064698874950409, 10.82391081750393, 9.046757623553276, 7.31371358782053, 6.377125896513462, 5.5197634138166904, 4.976926896721125, 4.218382932245731, 3.779046755284071, 3.4359957482665777, 2.9666679287329316, 2.7321243975311518, 2.4732777774333954, 2.34067377820611, 2.0435234564356506, 1.977065023034811, 1.803260002285242, 1.6442765058018267, 1.5235086930915713, 1.472288679331541, 1.373534420505166, 1.2731158807873726, 1.2179207606241107, 1.149779425933957, 1.0575327361002564, 1.0284605771303177, 0.9787032241001725, 0.8640087288804352, 0.8475596411153674, 0.8236752701923251, 0.787809164263308, 0.7059963690117002, 0.6767462883144617, 0.6976445727050304, 0.6382249649614096, 0.6086140014231205, 0.5854569738730788, 0.5635205935686827, 0.5231041472870857, 0.5257192933931947, 0.4960573527496308, 0.46960587427020073, 0.4472033883212134, 0.4359795427881181, 0.4209689646959305]",0.007502510389175093
6.0,2.0,64.0,256.0,,0.0096940999424291,removal,0.0,0.2994587528633418,366.6,sum,SAGEConv,15.0,11.0,1.0,400.0,0.9186115214180205,0.8693553232240158,0.8965770171149143,0.843749720559185,"[29.469816744327545, 26.92042627930641, 24.75487458705902, 22.63761293888092, 19.675592213869095, 16.880612313747406, 13.582350313663483, 12.10933518409729, 10.132658697664738, 9.041175052523613, 7.884272396564484, 6.998548120260239, 6.086095899343491, 5.353219918906689, 4.751214154064655, 4.409497015178204, 3.930502250790596, 3.647466331720352, 3.3177851289510727, 3.068548299372196, 2.739318832755089, 2.5588448271155357, 2.3556007593870163, 2.288312129676342, 2.0587937235832214, 2.0176434256136417, 1.8395975604653358, 1.7480996549129486, 1.6024110335856676, 1.5203224457800388, 1.4732555877417326, 1.3850528001785278, 1.2963421028107405, 1.2310624178498983, 1.2227501347661018, 1.1009155306965113, 1.0860040169209242, 1.006546925753355, 0.9470372200012207, 0.9320805538445711, 0.8969976380467415, 0.8565213307738304, 0.8079725727438927, 0.8060183804482222, 0.7691351193934679, 0.7293335758149624, 0.7165789837017655, 0.6821863166987896, 0.6582756377756596, 0.6354779358953238]",0.005828888102121615
11.0,2.0,256.0,256.0,,0.0080350495377123,removal,0.0,0.1794462009487929,366.6,sum,GCNConv,10.0,12.0,1.0,300.0,0.9248153618906944,0.868668880688241,0.8232273838630807,0.9194243457010749,"[48.81758260726929, 43.42629611492157, 41.852657079696655, 36.122498631477356, 33.15084135532379, 29.92133927345276, 28.779930621385574, 25.313222438097, 22.228324055671692, 19.65627673268318, 17.33023300766945, 16.292346596717834, 13.75027222931385, 12.853466615080833, 11.11463725566864, 9.998411521315575, 8.86555552482605, 8.30136302113533, 7.524773925542831, 6.866253212094307, 6.075031295418739, 5.59048767387867, 5.031200967729092, 4.7944425493478775, 4.766768157482147, 4.19398221001029, 3.7601541094481945, 3.8417974710464478, 3.335237141698599, 3.3199813291430473, 3.0864185355603695, 2.810848943889141, 2.642205499112606, 2.5458217691630125, 2.4122168123722076, 2.3169625364243984, 2.1737490594387054, 2.066706106066704, 1.8860282208770514, 1.934043262153864, 1.772243496030569, 1.71552424877882, 1.6421139799058437, 1.560713553801179, 1.5267996359616518, 1.436590539291501, 1.3932862784713507, 1.349701438099146, 1.3049436509609222, 1.2245362978428602]",0.010265416911336745
9.0,2.0,128.0,256.0,,0.0098957983016682,removal,0.0,0.2578796942084209,366.6,sum,GATConv,15.0,6.0,1.0,100.0,0.9206794682422451,0.8679293684091135,0.862836185819071,0.8731175055630187,"[8.236807584762573, 8.580145359039307, 8.188436627388, 7.896399259567261, 7.976240873336792, 7.48844987154007, 7.263969659805298, 7.096890449523926, 6.959642648696899, 6.485725283622742, 6.451993882656097, 6.32240492105484, 6.154634714126587, 5.704948902130127, 5.711534529924393, 5.69030088186264, 5.329793989658356, 5.22627866268158, 4.970250427722931, 4.7854050397872925, 4.733286470174789, 4.682842791080475, 4.329784840345383, 4.337326765060425, 4.026194602251053, 3.639385312795639, 3.553521305322647, 3.6862086951732635, 3.352881282567978, 3.184843957424164, 3.2407326698303223, 3.1135783791542053, 3.0216241776943207, 2.8331324458122253, 2.8323174715042114, 2.58102086186409, 2.53521528840065, 2.3064678013324738, 2.2344475835561752, 2.1233398467302322, 2.156394675374031, 2.031020373106003, 1.8924841284751892, 1.9138961136341095, 1.75150765478611, 1.7552573084831238, 1.5868090391159058, 1.63579960167408, 1.4898939430713654, 1.5584226101636887]",0.0016700114667997188
4.0,2.0,128.0,128.0,,0.0096906959591617,removal,0.0,0.2508321766734533,366.6,sum,GCNConv,10.0,7.0,1.0,400.0,0.9200886262924668,0.8678056739569765,0.8684596577017116,0.8671719540844347,"[37.561929404735565, 30.621952652931213, 23.797368183732033, 19.614461302757263, 15.09687988460064, 11.979833394289017, 9.701153136789799, 8.141790352761745, 6.737028129398823, 5.780017517507076, 5.047964960336685, 4.5435596108436584, 3.6550376815721393, 3.6128796003758907, 3.0389254353940487, 2.663199419155717, 2.5069341994822025, 2.3445847029797733, 2.013087585568428, 1.9335247706621885, 1.802065197378397, 1.7184682823717594, 1.557057386264205, 1.4060839312151074, 1.3169377371668816, 1.2353455380070955, 1.181303202174604, 1.0641664364375174, 1.0121288569644094, 0.9640912995673716, 0.9149731411598623, 0.845564724644646, 0.861491097137332, 0.7845848267897964, 0.7213297034613788, 0.7076316471211612, 0.7000289675779641, 0.6425092961871997, 0.6057081732433289, 0.5967741794884205, 0.568523705471307, 0.5387004991061985, 0.5080170761793852, 0.5038741456810385, 0.4663144201040268, 0.4563785786740482, 0.44150743912905455, 0.42535950476303697, 0.3877568405587226, 0.38118698028847575]",0.009387579425765393
4.0,2.0,64.0,256.0,,0.0099378610680618,removal,0.0,0.2620747015990129,366.6,sum,GATConv,10.0,6.0,1.0,400.0,0.918463810930576,0.8677224553456491,0.8853300733496333,0.8508328460621138,"[36.43780264258385, 30.013932153582573, 24.371731847524643, 19.165141463279724, 14.751770630478859, 11.814327090978622, 9.671777322888374, 8.035813115537167, 6.5091478154063225, 5.653162024915218, 4.860887013375759, 4.386305652558804, 3.6959653832018375, 3.323395885527134, 3.012393305078149, 2.6104142600670457, 2.3917774129658937, 2.173696720972657, 2.05528711527586, 1.7942270059138536, 1.7345174737274647, 1.5818039998412132, 1.4393257079645991, 1.3385397903621197, 1.2836782559752464, 1.201271990314126, 1.1216169092804193, 1.06786669511348, 1.0091136526316404, 0.9299568198621273, 0.9027124457061291, 0.8631140105426311, 0.7601246163249016, 0.742969723418355, 0.7216632962226868, 0.6892607780173421, 0.617691297782585, 0.5945971007458866, 0.6118436008691788, 0.560727680567652, 0.5337983290664852, 0.5139889582060277, 0.49496189039200544, 0.4580313691403717, 0.4598314808681607, 0.43489820463582873, 0.4106810549274087, 0.39242959080729634, 0.38204829464666545, 0.3688027383759618]",0.0024091772447329186
5.0,1.0,64.0,256.0,,0.0099574992535114,removal,0.0,0.2535392734440077,366.6,mean,GCNConv,10.0,14.0,1.0,400.0,0.919202363367799,0.8664475890682942,0.8677261613691932,0.8651796216966071,"[43.540629893541336, 35.36859709024429, 30.183991760015488, 23.30941440165043, 18.43223613500595, 14.790031969547272, 11.687059164047241, 9.958662167191505, 8.432227909564972, 7.243294574320316, 6.1594811379909515, 5.3203754760324955, 4.502027198672295, 4.2473546750843525, 3.841994907706976, 3.3566030897200108, 2.9185090670362115, 2.737810894846916, 2.4812572859227657, 2.202026091516018, 2.0766877625137568, 1.91880994848907, 1.786030588671565, 1.6994908777996898, 1.552914610132575, 1.4945616303011775, 1.3811745727434754, 1.3037981986999512, 1.1784111917950213, 1.172964981291443, 1.0342873921617866, 1.0220434665679932, 0.9758073994889855, 0.9064627140760422, 0.8799022948369384, 0.8406937466934323, 0.8051031772047281, 0.7669162144884467, 0.7046189731918275, 0.6956809246912599, 0.6565789924934506, 0.643186223693192, 0.5901062795892358, 0.5766073008999228, 0.5337244058027864, 0.5246529774740338, 0.5137155631091446, 0.46908113127574325, 0.4805302731692791, 0.4521977035328746]",0.0047638026010901864
4.0,1.0,64.0,256.0,,0.0092697093802295,removal,0.0,0.2440790667417138,366.6,sum,GCNConv,10.0,6.0,1.0,400.0,0.9189069423929098,0.8645322931037217,0.8567237163814181,0.8725321285753533,"[37.87584537267685, 30.873844146728516, 26.262652039527893, 20.27357280254364, 16.171261206269264, 13.03624963760376, 10.356904551386833, 8.930724769830704, 7.611112378537655, 6.584055379033089, 5.642473854124546, 4.881226219236851, 4.1559164971113205, 3.9352140314877033, 3.570684228092432, 3.1214873045682907, 2.723462764173746, 2.569508822634816, 2.332252684980631, 2.0740517769008875, 1.9618785423226655, 1.8112524263560772, 1.6866325959563255, 1.6067266715690494, 1.4670976623892784, 1.4165739817544818, 1.310006096959114, 1.2364971432834864, 1.1189272478222847, 1.1149307112209499, 0.9840905466116965, 0.9716487051919103, 0.9258905807510018, 0.8632389521226287, 0.8397273197770119, 0.799738678149879, 0.7680073687806726, 0.7310409606434405, 0.674326294567436, 0.6642130031250417, 0.626029634848237, 0.6131857554428279, 0.5641019423492253, 0.5521068191155791, 0.511262480635196, 0.5016327309422195, 0.49230891023762524, 0.44919394003227353, 0.45863008964806795, 0.4304516613483429]",0.002694784045953824
4.0,2.0,64.0,256.0,,0.009457747876803,removal,0.0,0.2330850894383832,366.6,sum,GCNConv,10.0,7.0,1.0,200.0,0.9180945347119647,0.86381165887774,0.8599022004889975,0.8677960243398065,"[19.99098563194275, 17.194630086421967, 16.734897136688232, 15.069239675998688, 12.644158631563187, 11.615773975849152, 10.369452148675919, 9.285226911306381, 7.9438371658325195, 7.114980846643448, 6.47248138487339, 5.703394040465355, 5.073084145784378, 4.806859567761421, 4.273119270801544, 3.915606826543808, 3.5446592420339584, 3.3098315447568893, 3.041666269302368, 2.8684727922081947, 2.5806120708584785, 2.4656110256910324, 2.3357066959142685, 2.1519245877861977, 1.9928278513252735, 1.8897312581539154, 1.8177347667515278, 1.7102924585342407, 1.5668671280145645, 1.500728391110897, 1.4294101148843765, 1.3874900005757809, 1.2835359498858452, 1.2460622377693653, 1.1828452534973621, 1.1386937089264393, 1.096078246831894, 1.0737838000059128, 0.9718274362385273, 0.9533100426197052, 0.9203299731016159, 0.857065923511982, 0.8632850907742977, 0.8056826181709766, 0.7881773822009563, 0.7556709852069616, 0.7306007612496614, 0.7210108432918787, 0.688213711604476, 0.6530887112021446]",0.00266159294355508
7.0,2.0,128.0,128.0,,0.0001881974507094,removal,0.0,0.3350179755740844,366.6,mean,GCNConv,10.0,3.0,1.0,100.0,0.9138847858197933,0.8633795001531942,0.9007334963325183,0.8290211990816545,"[11.548187673091888, 11.735333323478699, 10.92657208442688, 12.028874456882477, 10.879093289375305, 11.791884899139404, 10.684321641921997, 11.108633399009705, 10.616605997085571, 12.21339237689972, 11.31745320558548, 11.126744627952576, 10.92759096622467, 10.837720572948456, 12.476992785930634, 10.417799949645996, 10.909833431243896, 11.685194730758667, 11.459465086460114, 11.102848172187805, 11.131206512451172, 10.857446372509003, 11.14105999469757, 11.404322981834412, 11.457108855247498, 10.79328340291977, 11.291895151138306, 10.52679967880249, 10.757229566574097, 11.254903554916382, 11.178102850914001, 11.321605801582336, 11.815057873725891, 10.683661937713623, 11.170845627784729, 11.42716234922409]",0.008579540990433199
4.0,2.0,64.0,256.0,,0.0094912782634836,removal,0.0,0.24663545593965858,366.6,sum,GCNConv,15.0,4.0,1.0,400.0,0.9172082717872969,0.8623004569445865,0.8579462102689487,0.8667106093204311,"[23.807016968727112, 22.811839282512665, 18.968693256378174, 16.690163165330887, 14.011666744947433, 12.223134115338326, 9.869301125407219, 8.484469652175903, 7.399106085300446, 6.417981207370758, 5.853683717548847, 5.124930642545223, 4.432281397283077, 4.166449323296547, 3.7552508860826492, 3.2623031586408615, 3.0361685790121555, 2.74917671084404, 2.5817342586815357, 2.2894887439906597, 2.1647039391100407, 2.026699800044298, 1.810571078211069, 1.7201782874763012, 1.675516128540039, 1.5452301800251007, 1.492478683590889, 1.3724364917725325, 1.320999387651682, 1.2233069222420454, 1.1899081841111183, 1.093596212565899, 1.0360349044203758, 0.9800651296973228, 0.9492786414921284, 0.893044600263238, 0.8549984022974968, 0.8100656941533089, 0.8029453931376338, 0.7558603370562196, 0.712782196700573, 0.6950872028246522, 0.6842048317193985, 0.6415402814745903, 0.593219384085387, 0.5963531835004687, 0.5700977742671967, 0.5564104802906513, 0.5471018515527248, 0.5035885889083147]",0.019008067973945466
4.0,2.0,64.0,256.0,,0.0096742450287972,removal,0.0,0.24213028270951092,366.6,sum,SAGEConv,10.0,7.0,1.0,400.0,0.9171344165435746,0.8608182773101184,0.8484107579462103,0.8735996216897857,"[37.41518218815327, 31.117134988307953, 25.500766471028328, 20.173305809497833, 15.626216657459736, 12.284215103834867, 10.006226241588593, 8.423449762165546, 6.926389463245869, 6.145123086869717, 5.255054831504822, 4.587422385811806, 3.9596707336604595, 3.555221062153578, 3.016269146464765, 2.923767562955618, 2.5585679849609733, 2.3493619114160538, 2.188104772940278, 2.030597660690546, 1.8217649972066283, 1.7575669744983315, 1.5357956793159246, 1.453762230463326, 1.3850028552114964, 1.3236450217664242, 1.2452720366418362, 1.1176057318225503, 1.0596945276483893, 1.0029541635885835, 0.9462711410596967, 0.8992433878593147, 0.8465477144345641, 0.8008727505803108, 0.7603900358080864, 0.7120774332433939, 0.6979163740761578, 0.6415757674258202, 0.6021681046113372, 0.6014419067651033, 0.5796287367120385, 0.5541180055588484, 0.5183318643830717, 0.5048783482052386, 0.4787227420601994, 0.46190147288143635, 0.45704312389716506, 0.4349414096213877, 0.41586483595892787, 0.40051158983260393]",0.006632203641545973
7.0,2.0,64.0,128.0,,0.0035796466256094,removal,0.0,0.2199500343085016,366.6,sum,GINConv,10.0,7.0,1.0,100.0,0.9176514032496307,0.8606321559491412,0.8418092909535453,0.8803349171298807,"[12.466351926326752, 12.528551399707794, 12.840349912643433, 11.474587738513947, 11.86008632183075, 11.38615095615387, 11.30467802286148, 11.661951899528503, 11.332944095134735, 11.119068384170532, 10.932071805000305, 10.580386281013489, 10.734838008880615, 10.421000242233276, 10.557244837284088, 9.959695398807526, 9.911489844322205, 9.629273176193237, 9.533742368221283, 9.56218695640564, 9.365004539489746, 9.232699811458588, 9.106459259986877, 8.904337346553802, 8.664627254009247, 8.585090041160583, 8.515529215335846, 8.322090566158295, 8.417995750904083, 8.0459606051445, 7.8598796129226685, 7.833372890949249, 7.634827017784119, 7.43634819984436, 7.355972945690155, 6.893368363380432, 6.835879325866699, 6.711158663034439, 6.694161653518677, 6.474245667457581, 6.424218714237213, 6.4299973249435425, 6.158364295959473, 6.086911201477051, 5.790860563516617, 5.664726287126541, 5.655781507492065, 5.47209307551384, 5.519250005483627, 5.24038890004158]",0.00416041918406429
6.0,2.0,64.0,128.0,,0.0098913690249966,removal,0.0,0.2707287802509994,366.6,sum,GCNConv,10.0,13.0,1.0,400.0,0.9141802067946825,0.8591432036959439,0.8677261613691932,0.8509515089245692,"[48.217591509222984, 40.1681312918663, 32.83210673928261, 29.171830743551254, 22.068307161331177, 18.89331927895546, 15.55526066571474, 12.253478929400444, 10.369965434074402, 8.765514293685555, 7.262802191078663, 6.557680256664753, 5.655831601470709, 5.144793771207333, 4.437021233141422, 3.8433355167508125, 3.5465117171406746, 3.301791623234749, 2.9744941890239716, 2.7448479887098074, 2.3805427942425013, 2.310581497848034, 2.189731141552329, 1.9990922287106514, 1.8737605176866055, 1.677362333983183, 1.5706318425945938, 1.5086744595319033, 1.4192847572267056, 1.285292500630021, 1.2746208691969514, 1.1683778185397387, 1.1552282068878412, 1.0424982972908765, 1.0204429384320974, 0.9866201160475612, 0.9407013459131122, 0.8683826802298427, 0.8475028723478317, 0.8010374526493251, 0.7351198818068951, 0.7153977649286389, 0.6836442518979311, 0.6664408440701663, 0.6064478443004191, 0.6072492836974561, 0.6061620293185115, 0.553727843798697, 0.5508077396079898, 0.528431958053261]",0.01755715307458161
5.0,2.0,64.0,256.0,,0.0087928040926207,removal,0.0,0.2431184406696309,366.6,sum,SAGEConv,10.0,5.0,1.0,400.0,0.9152141802067948,0.8583725775521801,0.8506112469437653,0.8662769589165009,"[44.11201360821724, 37.55956619977951, 32.09044963121414, 26.495781630277634, 21.195363603532314, 16.98449770361185, 13.982147887349129, 11.824372611939907, 9.77817815542221, 8.653433538973331, 7.401051696389914, 6.439586490392685, 5.578133195638657, 4.981114909052849, 4.221131873782724, 4.075579669326544, 3.574259323067963, 3.2808986119925976, 3.023286320269108, 2.806656625121832, 2.5208653640002012, 2.430703418329358, 2.1320411236956716, 2.009909676387906, 1.9119405038654804, 1.8314398042857647, 1.7129257563501596, 1.5414517810568213, 1.455660430714488, 1.3805705141276121, 1.3060425883159041, 1.2361290724948049, 1.1661550924181938, 1.1000715754926205, 1.0430912440642715, 0.972401550039649, 0.9554470963776112, 0.877042226260528, 0.8255656473338604, 0.8239504215307534, 0.7928175097331405, 0.7585418280214071, 0.70771131105721, 0.6920386580750346, 0.6542857536114752, 0.6334418752230704, 0.623024417553097, 0.5938981445506215, 0.5672183032147586, 0.5478777922689915]",0.017833022828083866
4.0,2.0,64.0,128.0,,0.0090564632439303,removal,0.0,0.2505324056491693,366.6,sum,GCNConv,10.0,5.0,1.0,400.0,0.9144756277695716,0.8579450625879271,0.8555012224938874,0.86072724471428,"[37.46917033940554, 31.16372460126877, 25.174531653523445, 21.893157050013542, 16.496324747800827, 14.124642387032509, 11.686912778764963, 9.296993419528008, 7.954050242900848, 6.775039779022336, 5.696896828711033, 5.214839234948158, 4.4935814924538136, 4.130060404539108, 3.5711381398141384, 3.1239148043096066, 2.8971622809767723, 2.7058135606348515, 2.4504514336586, 2.262053932994604, 1.9784742332994938, 1.9196554645895958, 1.8199940994381905, 1.6616057995706797, 1.5611428897827864, 1.405280165374279, 1.3187350071966648, 1.2682099863886833, 1.191752491518855, 1.0827660607174039, 1.0745225520804524, 0.9862744654528797, 0.9790443684905767, 0.8801486836746335, 0.8655839879065752, 0.8372962204739451, 0.7984733814373612, 0.7355820937082171, 0.7194255120120943, 0.6797038814984262, 0.6275326057802886, 0.6088078818283975, 0.582307331264019, 0.5666162199340761, 0.5155544029548764, 0.5176133527420461, 0.515598920173943, 0.4746931935660541, 0.47067301208153367, 0.45122907450422645]",0.006047535187302786
11.0,1.0,256.0,64.0,,0.0066004144127863994,removal,0.0,0.3018594011691302,366.6,mean,SAGEConv,10.0,9.0,1.0,300.0,0.9122599704579024,0.8569975930287935,0.8699266503667481,0.8445843324792064,"[49.38487321138382, 46.81543344259262, 39.91042101383209, 41.158593475818634, 38.16453039646149, 35.094611048698425, 31.837058186531067, 28.842630326747894, 26.494370564818382, 25.42018374800682, 23.187607139348984, 20.69476541876793, 19.186435908079147, 17.32145681977272, 15.880542159080505, 14.529128342866898, 12.514796301722527, 11.807076424360275, 10.572222903370857, 10.06780281662941, 9.039009511470795, 8.086594834923744, 7.632694482803345, 7.005316734313965, 6.514826416969299, 5.8606670796871185, 5.6239854246377945, 5.078707039356232, 4.6053378619253635, 4.3748271986842155, 4.186547502875328, 4.080473385751247, 3.77419613301754, 3.6259661242365837, 3.3169167079031467, 3.2366965524852276, 3.119323391467333, 2.9074123091995716, 2.645166417583823, 2.518328621983528, 2.5400367975234985, 2.4604531712830067, 2.3261566534638405, 2.133662685751915, 2.1088540107011795, 1.9794487804174423, 1.9463106393814087, 1.860564649105072, 1.7744148150086403, 1.693856516852975]",0.007281734027203261
4.0,2.0,64.0,256.0,,0.009296728668168,removal,0.0,0.2556338214376885,366.6,sum,SAGEConv,10.0,4.0,1.0,400.0,0.9129985228951256,0.8551854540400546,0.8506112469437653,0.8598639306854754,"[37.792082630097866, 31.713003486394882, 26.3214068710804, 21.083021476864815, 16.37732306867838, 13.006279144436121, 10.624480105936527, 8.96675680577755, 7.392303619533777, 6.5628462210297585, 5.645163085311651, 4.906937025487423, 4.235649511218071, 3.8042146638035774, 3.2313988232053816, 3.1429537795484066, 2.7645777398720384, 2.523384127765894, 2.3476454336196184, 2.1767185628414154, 1.9575939904898405, 1.884814995341003, 1.651456874795258, 1.5628407532349229, 1.484196855686605, 1.4258094727993011, 1.3395052989944816, 1.1991356536746025, 1.136684545315802, 1.0803374350070953, 1.0197475226595998, 0.9651762349531054, 0.910491262562573, 0.8614060636609793, 0.8174558617174625, 0.7661765376105905, 0.7510885912925005, 0.6920271404087543, 0.6477586710825562, 0.6505839531309903, 0.6227852599695325, 0.5944587020203471, 0.5564983738586307, 0.542775911744684, 0.5143425797577947, 0.49559833807870746, 0.49080371437594295, 0.46716939471662045, 0.4484098353423178, 0.4328659060411155]",0.005747352876874183
5.0,2.0,64.0,256.0,,0.0099925717007291,removal,0.0,0.266676691015581,366.6,sum,SAGEConv,10.0,3.0,1.0,400.0,0.9118168389955686,0.8548891962687387,0.8601466992665037,0.8498478152919388,"[42.1013819873333, 35.24024906754494, 29.283224999904633, 23.537326112389565, 18.22339478880167, 14.229649754241109, 11.521661199629307, 9.594842106103897, 7.8324317894876, 6.951643735170364, 5.927639879286289, 5.136458106338978, 4.424740977585316, 3.924416482448578, 3.328851690690499, 3.2148158326745033, 2.820878664031625, 2.581945626065135, 2.386078393086791, 2.210532557219267, 1.9877713304013014, 1.9141995077952743, 1.6784259215928614, 1.5862038414925337, 1.5058943154290318, 1.436614335514605, 1.3481961470097303, 1.2095890315249562, 1.1381508158519864, 1.0872673681005836, 1.0253640413284302, 0.9734562854282558, 0.9215581202879548, 0.8689628695137799, 0.8205168526619673, 0.7673066481947899, 0.7517359592020512, 0.6938608693890274, 0.6487115463241935, 0.6502381809987128, 0.6277832612395287, 0.593756063375622, 0.5562275224365294, 0.5446913070045412, 0.5152172455564141, 0.49837484722957015, 0.49242653837427497, 0.4675436746329069, 0.44791523180902004, 0.43204662553034723]",0.003921277469405136
4.0,2.0,64.0,128.0,,0.0093960511605503,removal,0.0,0.2331941122004209,366.6,mean,GCNConv,10.0,6.0,1.0,400.0,0.9135893648449042,0.8547423011157452,0.8427872860635697,0.8672521120671413,"[37.72078235447407, 31.122151523828506, 24.892941132187843, 21.365340679883957, 15.984579339623451, 13.692830115556717, 11.253564469516277, 8.928524866700172, 7.597799748182297, 6.492714550346136, 5.445228006690741, 4.9639778062701225, 4.302420187741518, 3.963024951517582, 3.4207702837884426, 2.980578076094389, 2.757836252450943, 2.583926158025861, 2.3359502479434013, 2.1644222028553486, 1.8823196832090616, 1.824326721020043, 1.7370953131467104, 1.5887131243944168, 1.4890536833554506, 1.3400033060461283, 1.2530782206449658, 1.2091938182711601, 1.1347767636179924, 1.0291664628311992, 1.0263330601155758, 0.9393487537745386, 0.9312956351786852, 0.8412675242871046, 0.8256278680637479, 0.7962588965892792, 0.7626168122515082, 0.7004742482677102, 0.6858032364398241, 0.648696571122855, 0.5981203113915399, 0.5783781297504902, 0.5521226562559605, 0.5424747839570045, 0.4918123637326062, 0.49316313164308667, 0.4917410695925355, 0.4518051357008517, 0.44814434414729476, 0.4297525715082884]",0.01776494343153829
5.0,2.0,64.0,256.0,,0.0098018317715591,removal,0.0,0.257128318689811,366.6,sum,GINConv,10.0,6.0,1.0,400.0,0.9096750369276219,0.8507346755771682,0.852078239608802,0.8494114966647155,"[46.690740913152695, 37.86323255300522, 31.8136348426342, 25.18488711118698, 20.113041579723358, 16.143371134996414, 13.063413590192795, 10.274358466267586, 8.83419493585825, 7.453488379716873, 6.509324453771114, 5.421522378921509, 4.908251151442528, 4.232563979923725, 3.795441033318639, 3.49720161780715, 3.1804699525237083, 2.8456569015979767, 2.560862299054861, 2.3680609492585063, 2.164504921063781, 2.0158353559672832, 1.8123223362490535, 1.7680892404168844, 1.6346396822482347, 1.4682679346296936, 1.3972920873202384, 1.3488285727798939, 1.2408707309514284, 1.2088585123419762, 1.1067548245191574, 1.038361025042832, 1.0349996034055948, 0.944015771150589, 0.9297535922378302, 0.8763679405674338, 0.8145540487021208, 0.811932266689837, 0.7512757433578372, 0.7153334394097328, 0.6926395026966929, 0.666922315955162, 0.6434135604649782, 0.5985031593590975, 0.559337517246604, 0.5502476627007127, 0.5363744711503386, 0.5159765756689012, 0.4992238637059927, 0.45838090498000383]",0.005809541347365968
4.0,2.0,64.0,128.0,,0.0097457515384524,removal,0.0,0.2609274118210022,366.6,sum,GCNConv,10.0,8.0,1.0,400.0,0.9087887740029542,0.8489586574551631,0.8491442542787286,0.848956224383229,"[37.345224402844906, 30.51181197166443, 24.32593098282814, 20.732139751315117, 15.410095304250717, 13.023939490318298, 10.730157598853111, 8.493307493627071, 7.194539777934551, 6.128033131361008, 5.163924276828766, 4.685232803225517, 4.046756966039538, 3.7212322279810905, 3.2231320329010487, 2.8018784411251545, 2.599188517779112, 2.418163286522031, 2.197650533169508, 2.034808423370123, 1.7681548707187176, 1.713304778560996, 1.6345004346221685, 1.4899809267371893, 1.40359528362751, 1.2629666039720178, 1.1805312314536422, 1.1368559133261442, 1.0674461452290416, 0.9682549368590117, 0.9617747254669666, 0.8806197547819465, 0.8775887936353683, 0.7883351051714271, 0.7772572804242373, 0.7487169071100652, 0.7119100606068969, 0.6583477328531444, 0.6446882234886289, 0.6094632064923644, 0.561634190264158, 0.5432792622596025, 0.5218661734834313, 0.5100196418352425, 0.46352223865687847, 0.4658224927261472, 0.46175170433707535, 0.42423451552167535, 0.42167292535305023, 0.40450858790427446]",0.00924787985934986
8.0,2.0,256.0,64.0,,0.0093379502063856,removal,0.0,0.2294584825616326,366.6,mean,SAGEConv,10.0,15.0,1.0,100.0,0.9096750369276216,0.8459724386470701,0.8210268948655257,0.8727702627868746,"[11.82658714056015, 11.391950249671936, 10.61308205127716, 10.684922516345978, 10.64775264263153, 10.062095999717712, 9.663891553878784, 9.507982194423676, 9.070644617080688, 8.654121458530426, 7.8766621351242065, 7.667989134788513, 7.547273337841034, 7.204606533050537, 6.96090692281723, 6.5811295211315155, 6.129774421453476, 5.858019828796387, 5.523719429969788, 5.115074425935745, 4.783989667892456, 4.722600758075714, 4.280592679977417, 4.1230150163173676, 3.9971151649951935, 3.789120137691498, 3.633491799235344, 3.3345952332019806, 3.211745575070381, 3.0958340167999268, 2.826693594455719, 2.8512933403253555, 2.5511772334575653, 2.418756127357483, 2.33065864443779, 2.13598196208477, 2.1510248482227325, 2.0480266958475113, 1.9441822171211243, 1.9416816234588623, 1.8647621273994446, 1.687123864889145, 1.6332957744598389, 1.613390989601612, 1.5588440746068954, 1.5192624852061272, 1.3927303850650787, 1.3641984537243843, 1.286813735961914, 1.3456271439790726]",0.0035329977156253237
6.0,2.0,64.0,256.0,,0.008856586529716,removal,0.0,0.2478104519550372,366.6,sum,GINConv,10.0,13.0,1.0,400.0,0.9073116691285081,0.8456151839384678,0.8403422982885086,0.8510778343235614,"[52.79749569296837, 43.996510446071625, 38.58313852548599, 31.621105879545212, 26.189500153064728, 21.69669461250305, 17.872865796089172, 14.108376141637564, 12.158825114369392, 10.271327838301659, 8.947178602218628, 7.417481865733862, 6.695558495819569, 5.797711409628391, 5.152913638390601, 4.766566306352615, 4.323119059205055, 3.862257495522499, 3.4725805558264256, 3.2138023525476456, 2.935729905962944, 2.714358262717724, 2.4419444194063544, 2.3913248255848885, 2.198781255632639, 1.982276026159525, 1.873151145875454, 1.8043863214552402, 1.6699605789035559, 1.6209948007017374, 1.4816795233637094, 1.3890998158603907, 1.378183064982295, 1.2634098436683416, 1.2451966982334852, 1.1751896627247334, 1.0920342048630118, 1.0835197726264596, 1.0003086179494858, 0.9523870935663581, 0.9243497392162681, 0.8919866038486362, 0.8587028793990612, 0.7959831161424518, 0.7439985843375325, 0.7298718458041549, 0.7134362030774355, 0.6879067942500114, 0.6614279765635729, 0.6120964270085096]",0.00196710247729379
