dataset,mechanism,methodology,model_type,train_pct,avg_f1,std_f1
citeseer,SCAR,naive,MLP,0.4,0.046304221823852305,0.006369748365797732
citeseer,SCAR,naive,GATConv,0.4,0.20795660560704288,0.03308821941683781
citeseer,SCAR,naive,GCNConv,0.4,0.12488986917977603,0.09190064746073236
citeseer,SCAR,naive,MLP,0.3,0.006764073725929957,0.0019085045903494164
citeseer,SCAR,naive,GATConv,0.3,0.07332079767706615,0.01642672849039031
citeseer,SCAR,naive,GCNConv,0.3,0.002704530087897228,0.0038247831301503584
citeseer,SCAR,naive,MLP,0.2,0.0023724792408066427,0.0016775961593986893
citeseer,SCAR,naive,GATConv,0.2,0.02552552956700549,0.014132284533626293
citeseer,SCAR,naive,GCNConv,0.2,0.0,0.0
citeseer,SCAR,NNIF,MLP,0.4,0.22598506587151113,0.018264120650436717
citeseer,SCAR,NNIF,MLP,0.3,0.19086381994085455,0.043462151505521976
citeseer,SCAR,NNIF,MLP,0.2,0.10353729633618847,0.029751978496163654
citeseer,SCAR,two_nnif,MLP,0.4,0.18729819098846057,0.04137795618164838
citeseer,SCAR,two_nnif,GATConv,0.4,0.37266481082581665,0.016798279690584016
citeseer,SCAR,two_nnif,GCNConv,0.4,0.3741728041463879,0.07104562170232628
citeseer,SCAR,two_nnif,MLP,0.3,0.1220963684193157,0.008778589831421402
citeseer,SCAR,two_nnif,GATConv,0.3,0.2857073637798396,0.04480750125021369
citeseer,SCAR,two_nnif,GCNConv,0.3,0.16805351201085836,0.11969968633961141
citeseer,SCAR,two_nnif,MLP,0.2,0.024458380117972616,0.017663308519688913
citeseer,SCAR,two_nnif,GATConv,0.2,0.1197284214396792,0.05783688386618329
citeseer,SCAR,two_nnif,GCNConv,0.2,0.004711425206124852,0.006662961424608222
citeseer,SCAR,spy,MLP,0.4,0.5146694218288793,0.011962837535075389
citeseer,SCAR,spy,GATConv,0.4,0.5873738045974517,0.01886440604107355
citeseer,SCAR,spy,GCNConv,0.4,0.5857331438494658,0.027468143349606143
citeseer,SCAR,spy,MLP,0.3,0.5151798983427622,0.018667115204411295
citeseer,SCAR,spy,GATConv,0.3,0.5958078358870739,0.0037434361355043145
citeseer,SCAR,spy,GCNConv,0.3,0.6015016517922628,0.01671694022470855
citeseer,SCAR,spy,MLP,0.2,0.4593785026979971,0.019517456720249425
citeseer,SCAR,spy,GATConv,0.2,0.5053397031634334,0.008333783638639155
citeseer,SCAR,spy,GCNConv,0.2,0.5120074119554087,0.03427268593600909
citeseer,SCAR,nnpu,MLP,0.4,0.6781040564248437,0.0048237978975796715
citeseer,SCAR,nnpu,GATConv,0.4,0.7159851216874804,0.013549974557700612
citeseer,SCAR,nnpu,GCNConv,0.4,0.7337464468053705,0.015305611653475376
citeseer,SCAR,nnpu,MLP,0.3,0.652877864325374,0.010384024345263159
citeseer,SCAR,nnpu,GATConv,0.3,0.731044845889012,0.01444028215370951
citeseer,SCAR,nnpu,GCNConv,0.3,0.7392544862633628,0.012683312993190018
citeseer,SCAR,nnpu,MLP,0.2,0.6016839188469275,0.01714429187413678
citeseer,SCAR,nnpu,GATConv,0.2,0.6940915551518808,0.03693930643190933
citeseer,SCAR,nnpu,GCNConv,0.2,0.7223296890293301,0.02334489002223201
citeseer,SCAR,imbnnpu,MLP,0.4,0.39934497458646706,0.014007422358141041
citeseer,SCAR,imbnnpu,GATConv,0.4,0.6527682198698743,0.01473682304795273
citeseer,SCAR,imbnnpu,GCNConv,0.4,0.6882579919018726,0.017775192042885968
citeseer,SCAR,imbnnpu,MLP,0.3,0.26132937310421617,0.023998707586440442
citeseer,SCAR,imbnnpu,GATConv,0.3,0.5872784678142738,0.0017812906467734111
citeseer,SCAR,imbnnpu,GCNConv,0.3,0.6670566634173746,0.013709419999986656
citeseer,SCAR,imbnnpu,MLP,0.2,0.11821341325974255,0.017993599027210296
citeseer,SCAR,imbnnpu,GATConv,0.2,0.4250546610760413,0.038536329731160106
citeseer,SCAR,imbnnpu,GCNConv,0.2,0.5352474436458683,0.023133264121316888
citeseer,SCAR,ours,GATConv,0.4,0.463285576808045,0.02223537593510798
citeseer,SCAR,ours,GATConv,0.3,0.4957812174599037,0.006072231584339501
citeseer,SCAR,ours,GATConv,0.2,0.45795319791099237,0.03770696935053671
citeseer,SAR,naive,MLP,0.4,0.02495178218931271,0.01158191331621509
citeseer,SAR,naive,GATConv,0.4,0.20412537292959776,0.01649133556946445
citeseer,SAR,naive,GCNConv,0.4,0.08351165662742749,0.05906697206226633
citeseer,SAR,naive,MLP,0.3,0.008097165991902834,0.005725560981267592
citeseer,SAR,naive,GATConv,0.3,0.08796996717315442,0.03484776982140691
citeseer,SAR,naive,GCNConv,0.3,0.004048582995951417,0.005725560981267592
citeseer,SAR,naive,MLP,0.2,0.0011862396204033213,0.0016775961593986893
citeseer,SAR,naive,GATConv,0.2,0.03566791733666846,0.026196609816960266
citeseer,SAR,naive,GCNConv,0.2,0.0,0.0
citeseer,SAR,NNIF,MLP,0.4,0.20315254743762137,0.04222966261495351
citeseer,SAR,NNIF,MLP,0.3,0.16671667124375542,0.025559629327401124
citeseer,SAR,NNIF,MLP,0.2,0.08717577108881457,0.04229904975972293
citeseer,SAR,two_nnif,MLP,0.4,0.16361695419741162,0.05609928484259532
citeseer,SAR,two_nnif,GATConv,0.4,0.32433222151206936,0.027323083761057652
citeseer,SAR,two_nnif,GCNConv,0.4,0.3632152020817629,0.05169201702566905
citeseer,SAR,two_nnif,MLP,0.3,0.057501680107526876,0.0264517577139266
citeseer,SAR,two_nnif,GATConv,0.3,0.2420747419965192,0.013332964705028394
citeseer,SAR,two_nnif,GCNConv,0.3,0.12423569887872792,0.08847920634809972
citeseer,SAR,two_nnif,MLP,0.2,0.018723843351997563,0.013534049295773239
citeseer,SAR,two_nnif,GATConv,0.2,0.12194900028492532,0.06407515277553869
citeseer,SAR,two_nnif,GCNConv,0.2,0.008215962441314553,0.011619125512455006
citeseer,SAR,spy,MLP,0.4,0.5112910655582821,0.025139426986624795
citeseer,SAR,spy,GATConv,0.4,0.5875822343584121,0.021066371094977186
citeseer,SAR,spy,GCNConv,0.4,0.590468561391141,0.037036171006738235
citeseer,SAR,spy,MLP,0.3,0.5175252652987808,0.046009862833031906
citeseer,SAR,spy,GATConv,0.3,0.5844278758431888,0.014312441454447208
citeseer,SAR,spy,GCNConv,0.3,0.5765678048286743,0.015351897784832215
citeseer,SAR,spy,MLP,0.2,0.4230740125885168,0.04359616323917345
citeseer,SAR,spy,GATConv,0.2,0.5337448369543751,0.029412045640476146
citeseer,SAR,spy,GCNConv,0.2,0.49227377177080694,0.034837291269597004
citeseer,SAR,nnpu,MLP,0.4,0.6796357337105233,0.022276672946031754
citeseer,SAR,nnpu,GATConv,0.4,0.72469735571181,0.016920249543800257
citeseer,SAR,nnpu,GCNConv,0.4,0.7255672350976218,0.008189005366556354
citeseer,SAR,nnpu,MLP,0.3,0.6786045245256891,0.01637585993136871
citeseer,SAR,nnpu,GATConv,0.3,0.7303401078132169,0.018543241793176728
citeseer,SAR,nnpu,GCNConv,0.3,0.7367437774951554,0.01070541081818897
citeseer,SAR,nnpu,MLP,0.2,0.6106880580124309,0.03342476301679823
citeseer,SAR,nnpu,GATConv,0.2,0.7180020865419173,0.022423249640430402
citeseer,SAR,nnpu,GCNConv,0.2,0.7261876315639756,0.015817490341845087
citeseer,SAR,imbnnpu,MLP,0.4,0.40049895560855736,0.018230602511747098
citeseer,SAR,imbnnpu,GATConv,0.4,0.6686615675651063,0.020020956876648118
citeseer,SAR,imbnnpu,GCNConv,0.4,0.6926315586380737,0.01540374188168016
citeseer,SAR,imbnnpu,MLP,0.3,0.29544964497563386,0.03430886570409282
citeseer,SAR,imbnnpu,GATConv,0.3,0.6186221783301367,0.007359024472512316
citeseer,SAR,imbnnpu,GCNConv,0.3,0.6706347259676869,0.015330794459386201
citeseer,SAR,imbnnpu,MLP,0.2,0.15418380587752456,0.02442141920998293
citeseer,SAR,imbnnpu,GATConv,0.2,0.5006943635540025,0.016218795070006575
citeseer,SAR,imbnnpu,GCNConv,0.2,0.57581079485653,0.022996569236146902
citeseer,SAR,ours,GATConv,0.4,0.43964015142548857,0.02492448764820652
citeseer,SAR,ours,GATConv,0.3,0.4910535411102626,0.035079510239710864
citeseer,SAR,ours,GATConv,0.2,0.4382245871759949,0.05347996978479679
cora,SCAR,naive,MLP,0.4,0.014785241597904869,0.006786635256507724
cora,SCAR,naive,GATConv,0.4,0.23112922455790993,0.011691074381599241
cora,SCAR,naive,GCNConv,0.4,0.11988178291091646,0.10552926465515527
cora,SCAR,naive,MLP,0.3,0.021791921908461576,0.010583606182905877
cora,SCAR,naive,GATConv,0.3,0.10876686363936361,0.038823262763113
cora,SCAR,naive,GCNConv,0.3,0.05277509393451423,0.0697740713511693
cora,SCAR,naive,MLP,0.2,0.0010178117048346056,0.0014394031169191806
cora,SCAR,naive,GATConv,0.2,0.03525768635257687,0.03774250764398478
cora,SCAR,naive,GCNConv,0.2,0.0010178117048346056,0.0014394031169191806
cora,SCAR,NNIF,MLP,0.4,0.23481985774007208,0.07938781816806469
cora,SCAR,NNIF,MLP,0.3,0.1693681853393523,0.03142198471113602
cora,SCAR,NNIF,MLP,0.2,0.09768568937944648,0.034010360960935286
cora,SCAR,two_nnif,MLP,0.4,0.19827435125564163,0.03353133404123004
cora,SCAR,two_nnif,GATConv,0.4,0.42268442649913673,0.07394816225863242
cora,SCAR,two_nnif,GCNConv,0.4,0.4064050767791206,0.023812626770713823
cora,SCAR,two_nnif,MLP,0.3,0.14358299150925877,0.02074572017876017
cora,SCAR,two_nnif,GATConv,0.3,0.23823444729437415,0.03364711598891232
cora,SCAR,two_nnif,GCNConv,0.3,0.14338299421394624,0.07530709684747462
cora,SCAR,two_nnif,MLP,0.2,0.0664873768080465,0.009678811156639166
cora,SCAR,two_nnif,GATConv,0.2,0.10370109902223783,0.047451514287140235
cora,SCAR,two_nnif,GCNConv,0.2,0.02737047898338221,0.038707702586946884
cora,SCAR,spy,MLP,0.4,0.525368487822792,0.010541821570829512
cora,SCAR,spy,GATConv,0.4,0.670711039088275,0.025144841906418823
cora,SCAR,spy,GCNConv,0.4,0.71027211520699,0.009753274055853075
cora,SCAR,spy,MLP,0.3,0.5198328434650135,0.006611290908476057
cora,SCAR,spy,GATConv,0.3,0.6397767035937502,0.014388004879457341
cora,SCAR,spy,GCNConv,0.3,0.663261124022316,0.031480522926378075
cora,SCAR,spy,MLP,0.2,0.4625122909529051,0.03755938637997653
cora,SCAR,spy,GATConv,0.2,0.5818810245359564,0.01662188734937145
cora,SCAR,spy,GCNConv,0.2,0.6271137627537343,0.03006177841383448
cora,SCAR,nnpu,MLP,0.4,0.6705832641632311,0.014364849466494899
cora,SCAR,nnpu,GATConv,0.4,0.7803757971659375,0.02636645533764216
cora,SCAR,nnpu,GCNConv,0.4,0.8316065516002468,0.015895212312739763
cora,SCAR,nnpu,MLP,0.3,0.653100323300272,0.020342361397887213
cora,SCAR,nnpu,GATConv,0.3,0.7915338043472447,0.03466969103339757
cora,SCAR,nnpu,GCNConv,0.3,0.8459864155207929,0.022716221093670073
cora,SCAR,nnpu,MLP,0.2,0.6244012942582223,0.0173090426627397
cora,SCAR,nnpu,GATConv,0.2,0.7767258310737103,0.017819399274384765
cora,SCAR,nnpu,GCNConv,0.2,0.8406838572680005,0.015119106824904398
cora,SCAR,imbnnpu,MLP,0.4,0.5197153353738644,0.031962929158386326
cora,SCAR,imbnnpu,GATConv,0.4,0.7620167461567577,0.017104940574687144
cora,SCAR,imbnnpu,GCNConv,0.4,0.829897265190643,0.01920539755242832
cora,SCAR,imbnnpu,MLP,0.3,0.4390592215098375,0.018984504488493873
cora,SCAR,imbnnpu,GATConv,0.3,0.7305170596509809,0.016394882757011526
cora,SCAR,imbnnpu,GCNConv,0.3,0.8140014428339186,0.030438842696870094
cora,SCAR,imbnnpu,MLP,0.2,0.3171661258643958,0.016171574665491132
cora,SCAR,imbnnpu,GATConv,0.2,0.619677827478562,0.021754462647876043
cora,SCAR,imbnnpu,GCNConv,0.2,0.7565234937536903,0.013715677486885142
cora,SCAR,ours,GCNConv,0.4,0.5843102864163571,0.010582596812098301
cora,SCAR,ours,GCNConv,0.3,0.5674661609291839,0.017030867895213617
cora,SCAR,ours,GCNConv,0.2,0.385188235827088,0.0663072082865197
cora,SAR,naive,MLP,0.4,0.05126471889237893,0.050740436319127856
cora,SAR,naive,GATConv,0.4,0.1930204297616578,0.04479500518252262
cora,SAR,naive,GCNConv,0.4,0.11811913661796795,0.09201423881332008
cora,SAR,naive,MLP,0.3,0.0,0.0
cora,SAR,naive,GATConv,0.3,0.03176611717359337,0.023893848502697414
cora,SAR,naive,GCNConv,0.3,0.0,0.0
cora,SAR,naive,MLP,0.2,0.0,0.0
cora,SAR,naive,GATConv,0.2,0.002035623409669211,0.0014394031169191806
cora,SAR,naive,GCNConv,0.2,0.0,0.0
cora,SAR,NNIF,MLP,0.4,0.2236045844039836,0.05683998379785542
cora,SAR,NNIF,MLP,0.3,0.18972494304227236,0.06719165361653869
cora,SAR,NNIF,MLP,0.2,0.11488085757866506,0.030992040790569768
cora,SAR,two_nnif,MLP,0.4,0.14784184686797316,0.034025882986778236
cora,SAR,two_nnif,GATConv,0.4,0.38064337751074273,0.09886484450992027
cora,SAR,two_nnif,GCNConv,0.4,0.38673754574351255,0.037416919465470884
cora,SAR,two_nnif,MLP,0.3,0.12677411420656085,0.040045628676369745
cora,SAR,two_nnif,GATConv,0.3,0.14389345060304937,0.09790152144624004
cora,SAR,two_nnif,GCNConv,0.3,0.04749375168984641,0.04900067010257816
cora,SAR,two_nnif,MLP,0.2,0.0010178117048346056,0.0014394031169191806
cora,SAR,two_nnif,GATConv,0.2,0.014067082600117313,0.013951879669883156
cora,SAR,two_nnif,GCNConv,0.2,0.0080778217905633,0.009348146573046891
cora,SAR,spy,MLP,0.4,0.5200804880969246,0.022259688317768356
cora,SAR,spy,GATConv,0.4,0.7020387311787507,0.01239751960761299
cora,SAR,spy,GCNConv,0.4,0.7294533396473231,0.014651130982353978
cora,SAR,spy,MLP,0.3,0.5068072573244595,0.006444351558617415
cora,SAR,spy,GATConv,0.3,0.625913320815195,0.01625308950524825
cora,SAR,spy,GCNConv,0.3,0.6658052708410409,0.013943960852479256
cora,SAR,spy,MLP,0.2,0.4374032470686267,0.007246726062928104
cora,SAR,spy,GATConv,0.2,0.5856187548410987,0.03758284575869357
cora,SAR,spy,GCNConv,0.2,0.5790865246954262,0.014511285561866866
cora,SAR,nnpu,MLP,0.4,0.6703430199920172,0.011427188743598287
cora,SAR,nnpu,GATConv,0.4,0.816244116882793,0.012729250235714936
cora,SAR,nnpu,GCNConv,0.4,0.8373289789899089,0.01075037712534609
cora,SAR,nnpu,MLP,0.3,0.6613315370076092,0.008965254458452993
cora,SAR,nnpu,GATConv,0.3,0.8205539539317473,0.015160272031347451
cora,SAR,nnpu,GCNConv,0.3,0.8462488715142961,0.014566460605889595
cora,SAR,nnpu,MLP,0.2,0.6509513782392492,0.018858093150399553
cora,SAR,nnpu,GATConv,0.2,0.8110197381016583,0.015031893918700091
cora,SAR,nnpu,GCNConv,0.2,0.8327731422646155,0.01311899313619086
cora,SAR,imbnnpu,MLP,0.4,0.5306398189811051,0.025004183959084155
cora,SAR,imbnnpu,GATConv,0.4,0.8084922160141955,0.009683951582534924
cora,SAR,imbnnpu,GCNConv,0.4,0.8439095496884558,0.015188730190679844
cora,SAR,imbnnpu,MLP,0.3,0.43653458004152385,0.026311482705686347
cora,SAR,imbnnpu,GATConv,0.3,0.7558732560226286,0.030294951406863693
cora,SAR,imbnnpu,GCNConv,0.3,0.81612726764696,0.016375287447973595
cora,SAR,imbnnpu,MLP,0.2,0.3375406786063267,0.021804158324647358
cora,SAR,imbnnpu,GATConv,0.2,0.6488409264716574,0.02962560845142582
cora,SAR,imbnnpu,GCNConv,0.2,0.7668440740586903,0.01660804245601154
cora,SAR,ours,GCNConv,0.4,0.5677766330521955,0.023183248848985465
cora,SAR,ours,GCNConv,0.3,0.5231665867571841,0.03415177755175401
cora,SAR,ours,GCNConv,0.2,0.33260537041531546,0.0767499205055288
pubmed,SCAR,naive,MLP,0.4,0.17669525451909882,0.014563815034171338
pubmed,SCAR,naive,GATConv,0.4,0.15335803264067818,0.02301485395586371
pubmed,SCAR,naive,GCNConv,0.4,0.0,0.0
pubmed,SCAR,naive,MLP,0.3,0.04001614713420771,0.029585077549113572
pubmed,SCAR,naive,GATConv,0.3,0.03492407596720649,0.020040993317071466
pubmed,SCAR,naive,GCNConv,0.3,0.0,0.0
pubmed,SCAR,naive,MLP,0.2,0.005767919878349326,0.008157070518642989
pubmed,SCAR,naive,GATConv,0.2,0.005589821424438435,0.002252736618327486
pubmed,SCAR,naive,GCNConv,0.2,0.0,0.0
pubmed,SCAR,NNIF,MLP,0.4,0.6780030665733244,0.0034136542910717313
pubmed,SCAR,NNIF,MLP,0.3,0.6605682461925976,0.010750954823601644
pubmed,SCAR,NNIF,MLP,0.2,0.5936311870207898,0.006831617658702854
pubmed,SCAR,two_nnif,MLP,0.4,0.7102576917232429,0.004833776435994333
pubmed,SCAR,two_nnif,GATConv,0.4,0.7171993797342533,0.019109964706741575
pubmed,SCAR,two_nnif,GCNConv,0.4,0.7354317585058957,0.0024243007137039153
pubmed,SCAR,two_nnif,MLP,0.3,0.6868768400929771,0.010845109260809296
pubmed,SCAR,two_nnif,GATConv,0.3,0.67734680842598,0.01143498996215919
pubmed,SCAR,two_nnif,GCNConv,0.3,0.7065169097496931,0.009341645073041721
pubmed,SCAR,two_nnif,MLP,0.2,0.6230199778963935,0.008049628442674634
pubmed,SCAR,two_nnif,GATConv,0.2,0.6095303488875934,0.007426046880749558
pubmed,SCAR,two_nnif,GCNConv,0.2,0.627368344863187,0.007287284315690859
pubmed,SCAR,spy,MLP,0.4,0.7386477414595148,0.010184994366460694
pubmed,SCAR,spy,GATConv,0.4,0.7907927253852757,0.003142475702622483
pubmed,SCAR,spy,GCNConv,0.4,0.7947612483299119,0.0048684676372068025
pubmed,SCAR,spy,MLP,0.3,0.7616495607633368,0.005177042868517874
pubmed,SCAR,spy,GATConv,0.3,0.7999124097211076,0.0055928300966185075
pubmed,SCAR,spy,GCNConv,0.3,0.8047702761371572,0.005221639925576838
pubmed,SCAR,spy,MLP,0.2,0.7557098212485864,0.00533210994820043
pubmed,SCAR,spy,GATConv,0.2,0.7895545428537272,0.004334147253498834
pubmed,SCAR,spy,GCNConv,0.2,0.794632169205452,0.004124966168646848
pubmed,SCAR,nnpu,MLP,0.4,0.5746137002935313,0.03663299239251936
pubmed,SCAR,nnpu,GATConv,0.4,0.6393123760875817,0.020978621782935435
pubmed,SCAR,nnpu,GCNConv,0.4,0.6406458404196194,0.030770788737239325
pubmed,SCAR,nnpu,MLP,0.3,0.5574047887430477,0.0347995433924258
pubmed,SCAR,nnpu,GATConv,0.3,0.6350456353500517,0.021033677864690084
pubmed,SCAR,nnpu,GCNConv,0.3,0.6321284690546906,0.027444924205164947
pubmed,SCAR,nnpu,MLP,0.2,0.5474352540246517,0.04821051158412596
pubmed,SCAR,nnpu,GATConv,0.2,0.6328490303501569,0.026778373446212155
pubmed,SCAR,nnpu,GCNConv,0.2,0.6251290417121176,0.027892810341843564
pubmed,SCAR,imbnnpu,MLP,0.4,0.6886453603388333,0.002803031243977375
pubmed,SCAR,imbnnpu,GATConv,0.4,0.723788533541936,0.004670972890141322
pubmed,SCAR,imbnnpu,GCNConv,0.4,0.7310128836019673,0.005773550008400613
pubmed,SCAR,imbnnpu,MLP,0.3,0.7064348856431172,0.0020898761965610357
pubmed,SCAR,imbnnpu,GATConv,0.3,0.7359239651453321,0.002286560263969019
pubmed,SCAR,imbnnpu,GCNConv,0.3,0.7486700165307226,0.004772679873822561
pubmed,SCAR,imbnnpu,MLP,0.2,0.7182652208418824,0.009413032813498484
pubmed,SCAR,imbnnpu,GATConv,0.2,0.7427381439836737,0.008467130235019275
pubmed,SCAR,imbnnpu,GCNConv,0.2,0.7567573238353166,0.012044901740041811
pubmed,SCAR,ours,GCNConv,0.4,0.6708236486475284,0.003899924656406887
pubmed,SCAR,ours,GCNConv,0.3,0.6486812110473509,0.009740333926469795
pubmed,SCAR,ours,GCNConv,0.2,0.5970065632387908,0.013568937287015321
pubmed,SAR,naive,MLP,0.4,0.13534303896555086,0.09615933807382074
pubmed,SAR,naive,GATConv,0.4,0.13676655837399368,0.00925342570474322
pubmed,SAR,naive,GCNConv,0.4,0.0,0.0
pubmed,SAR,naive,MLP,0.3,0.01590949266395616,0.022499420295842065
pubmed,SAR,naive,GATConv,0.3,0.039774006454491515,0.0024225214357492535
pubmed,SAR,naive,GCNConv,0.3,0.0,0.0
pubmed,SAR,naive,MLP,0.2,0.0057661057818315245,0.008154504998744061
pubmed,SAR,naive,GATConv,0.2,0.011667038520143502,0.0027632559312547314
pubmed,SAR,naive,GCNConv,0.2,0.0,0.0
pubmed,SAR,NNIF,MLP,0.4,0.6614158552706477,0.012080430229176412
pubmed,SAR,NNIF,MLP,0.3,0.6464880288446134,0.00895823539716485
pubmed,SAR,NNIF,MLP,0.2,0.574935767606066,0.02610548632542461
pubmed,SAR,two_nnif,MLP,0.4,0.7006712778787056,0.003994975890632853
pubmed,SAR,two_nnif,GATConv,0.4,0.696475574692189,0.007709787589780342
pubmed,SAR,two_nnif,GCNConv,0.4,0.7284711243583099,0.004412641233721965
pubmed,SAR,two_nnif,MLP,0.3,0.6748035133106988,0.0032679154941604735
pubmed,SAR,two_nnif,GATConv,0.3,0.6639254582850757,0.017404125662559517
pubmed,SAR,two_nnif,GCNConv,0.3,0.6965690222356358,0.004123559806105812
pubmed,SAR,two_nnif,MLP,0.2,0.6102508617767632,0.02055069021746833
pubmed,SAR,two_nnif,GATConv,0.2,0.5754904050211721,0.01406426334050296
pubmed,SAR,two_nnif,GCNConv,0.2,0.41084765497565634,0.29075529322337207
pubmed,SAR,spy,MLP,0.4,0.7437138409613696,0.0023950471128047265
pubmed,SAR,spy,GATConv,0.4,0.7903651839351893,0.0021626971386713607
pubmed,SAR,spy,GCNConv,0.4,0.7945238220581906,0.0027647190066318987
pubmed,SAR,spy,MLP,0.3,0.7552475833780202,0.0032377910841111398
pubmed,SAR,spy,GATConv,0.3,0.7993669492841832,0.002229146100183303
pubmed,SAR,spy,GCNConv,0.3,0.799777031163471,0.0015221343376254925
pubmed,SAR,spy,MLP,0.2,0.7627430694362346,7.537399434955465e-05
pubmed,SAR,spy,GATConv,0.2,0.7871959912064891,0.006583769763821019
pubmed,SAR,spy,GCNConv,0.2,0.7762166091139454,0.01726158857701707
pubmed,SAR,nnpu,MLP,0.4,0.5573216464636447,0.037319790257128144
pubmed,SAR,nnpu,GATConv,0.4,0.6282561222507083,0.011718314824498203
pubmed,SAR,nnpu,GCNConv,0.4,0.623133322963175,0.007867594536215624
pubmed,SAR,nnpu,MLP,0.3,0.5531745681350969,0.03250501028702364
pubmed,SAR,nnpu,GATConv,0.3,0.6361568475883327,0.00925469986032195
pubmed,SAR,nnpu,GCNConv,0.3,0.6329321100733596,0.009636003884212496
pubmed,SAR,nnpu,MLP,0.2,0.5497015107281439,0.03637832538585016
pubmed,SAR,nnpu,GATConv,0.2,0.6423092620841515,0.00512897934017327
pubmed,SAR,nnpu,GCNConv,0.2,0.6317068936543504,0.0155733977469828
pubmed,SAR,imbnnpu,MLP,0.4,0.6610446204295185,0.008282789213337931
pubmed,SAR,imbnnpu,GATConv,0.4,0.704905245669828,0.003567581120130919
pubmed,SAR,imbnnpu,GCNConv,0.4,0.7166402736374379,0.004177567105584426
pubmed,SAR,imbnnpu,MLP,0.3,0.677590182460452,0.012972392578126445
pubmed,SAR,imbnnpu,GATConv,0.3,0.7170866591230761,0.0009191653808203473
pubmed,SAR,imbnnpu,GCNConv,0.3,0.7349767842935346,0.0028130819447915708
pubmed,SAR,imbnnpu,MLP,0.2,0.6933774537270415,0.01374083229210041
pubmed,SAR,imbnnpu,GATConv,0.2,0.7273967818900058,0.004624672496209262
pubmed,SAR,imbnnpu,GCNConv,0.2,0.7480965578310039,0.001015213510433671
pubmed,SAR,ours,GCNConv,0.4,0.6609297943373718,0.010119700361426853
pubmed,SAR,ours,GCNConv,0.3,0.6345896844546721,0.0034626606734307693
pubmed,SAR,ours,GCNConv,0.2,0.5708787425572323,0.004520052725991018
wiki-cs,SCAR,naive,MLP,0.4,0.09106878379049155,0.006399158943090905
wiki-cs,SCAR,naive,GATConv,0.4,0.22335433867219032,0.018877079705590386
wiki-cs,SCAR,naive,GCNConv,0.4,0.22525820158013632,0.03254955762856457
wiki-cs,SCAR,naive,MLP,0.3,0.04095931933182765,0.007986570741763436
wiki-cs,SCAR,naive,GATConv,0.3,0.053160503421621846,0.011298852259192645
wiki-cs,SCAR,naive,GCNConv,0.3,0.05188580546165367,0.0037669752207072694
wiki-cs,SCAR,naive,MLP,0.2,0.011119453797669607,0.0026029263767302917
wiki-cs,SCAR,naive,GATConv,0.2,0.01419468628888834,0.0008625056224919762
wiki-cs,SCAR,naive,GCNConv,0.2,0.00897397074317424,0.0008731736992522597
wiki-cs,SCAR,NNIF,MLP,0.4,0.487609388578839,0.012398899244528689
wiki-cs,SCAR,NNIF,MLP,0.3,0.4571696247672746,0.007249204171044192
wiki-cs,SCAR,NNIF,MLP,0.2,0.27963219344614904,0.014662046075867572
wiki-cs,SCAR,two_nnif,MLP,0.4,0.44633142792790176,0.011255895352977647
wiki-cs,SCAR,two_nnif,GATConv,0.4,0.6891418583514044,0.027200405435813094
wiki-cs,SCAR,two_nnif,GCNConv,0.4,0.6419995875709438,0.019757846626378497
wiki-cs,SCAR,two_nnif,MLP,0.3,0.4023229461878047,0.0030724441468573806
wiki-cs,SCAR,two_nnif,GATConv,0.3,0.5282246285390432,0.04623041651880823
wiki-cs,SCAR,two_nnif,GCNConv,0.3,0.5430648228842044,0.034093997284863085
wiki-cs,SCAR,two_nnif,MLP,0.2,0.229876638516559,0.011283251024630944
wiki-cs,SCAR,two_nnif,GATConv,0.2,0.15602963039766013,0.015633710026144772
wiki-cs,SCAR,two_nnif,GCNConv,0.2,0.2034698013915307,0.018676893190430872
wiki-cs,SCAR,spy,MLP,0.4,0.6966679953836334,0.03480002370037239
wiki-cs,SCAR,spy,GATConv,0.4,0.794052778892536,0.017991929004342298
wiki-cs,SCAR,spy,GCNConv,0.4,0.7927775100795631,0.021861199298049448
wiki-cs,SCAR,spy,MLP,0.3,0.739242476772969,0.008419654488469644
wiki-cs,SCAR,spy,GATConv,0.3,0.8066769737543864,0.010953008215431624
wiki-cs,SCAR,spy,GCNConv,0.3,0.8123859724603606,0.010688897497847082
wiki-cs,SCAR,spy,MLP,0.2,0.7477030328579398,0.005112911325416277
wiki-cs,SCAR,spy,GATConv,0.2,0.8033577654321652,0.023915848481653318
wiki-cs,SCAR,spy,GCNConv,0.2,0.8087770444251828,0.01706875489675915
wiki-cs,SCAR,nnpu,MLP,0.4,0.7636434053785205,0.0009244428360070913
wiki-cs,SCAR,nnpu,GATConv,0.4,0.7086911450505448,0.09619816852242372
wiki-cs,SCAR,nnpu,GCNConv,0.4,0.8136883674640739,0.00318833713429471
wiki-cs,SCAR,nnpu,MLP,0.3,0.7948608582720307,0.0024900376308677297
wiki-cs,SCAR,nnpu,GATConv,0.3,0.7391019398828838,0.09621731920809633
wiki-cs,SCAR,nnpu,GCNConv,0.3,0.841469099819229,0.0029396924516133607
wiki-cs,SCAR,nnpu,MLP,0.2,0.8100115350744036,0.002411696953996331
wiki-cs,SCAR,nnpu,GATConv,0.2,0.7501342562838257,0.10437409580177984
wiki-cs,SCAR,nnpu,GCNConv,0.2,0.864373703770605,0.005361863432481165
wiki-cs,SCAR,imbnnpu,MLP,0.4,0.7762885630748131,0.0026668454284536815
wiki-cs,SCAR,imbnnpu,GATConv,0.4,0.7668634724509023,0.016008777161058203
wiki-cs,SCAR,imbnnpu,GCNConv,0.4,0.8250416130429729,0.004486535123750629
wiki-cs,SCAR,imbnnpu,MLP,0.3,0.797747116617438,0.00459962726611108
wiki-cs,SCAR,imbnnpu,GATConv,0.3,0.773176552380275,0.03299056688155135
wiki-cs,SCAR,imbnnpu,GCNConv,0.3,0.8403172103141648,0.006505663118868148
wiki-cs,SCAR,imbnnpu,MLP,0.2,0.8126636392884748,0.006406110533610294
wiki-cs,SCAR,imbnnpu,GATConv,0.2,0.7949373168056709,0.025034394293550664
wiki-cs,SCAR,imbnnpu,GCNConv,0.2,0.8528431090257874,0.009703798467003803
wiki-cs,SCAR,ours,GCNConv,0.4,0.5038858400517569,0.004201860028269077
wiki-cs,SCAR,ours,GCNConv,0.3,0.4873781615517389,0.02452551241083626
wiki-cs,SCAR,ours,GCNConv,0.2,0.373308770787713,0.027940325876208764
wiki-cs,SAR,naive,MLP,0.4,0.04864675352043779,0.01596323126341811
wiki-cs,SAR,naive,GATConv,0.4,0.15327923208292485,0.0365753356623059
wiki-cs,SAR,naive,GCNConv,0.4,0.1987083236867845,0.013405234626307515
wiki-cs,SAR,naive,MLP,0.3,0.02972080576829346,0.0037829873317847384
wiki-cs,SAR,naive,GATConv,0.3,0.05070009895880706,0.014538547335369075
wiki-cs,SAR,naive,GCNConv,0.3,0.047793771521536986,0.010069017421837944
wiki-cs,SAR,naive,MLP,0.2,0.006504147119424924,0.0027291326383996396
wiki-cs,SAR,naive,GATConv,0.2,0.01782584294323278,0.005068573517799138
wiki-cs,SAR,naive,GCNConv,0.2,0.007429786734281511,0.003021929340782114
wiki-cs,SAR,NNIF,MLP,0.4,0.4770388696112144,0.01723125424754523
wiki-cs,SAR,NNIF,MLP,0.3,0.4397906622155949,0.008898316376158436
wiki-cs,SAR,NNIF,MLP,0.2,0.31030006032753776,0.013588054358321541
wiki-cs,SAR,two_nnif,MLP,0.4,0.418980761839262,0.007486781346975944
wiki-cs,SAR,two_nnif,GATConv,0.4,0.6735128187276177,0.029193005413520524
wiki-cs,SAR,two_nnif,GCNConv,0.4,0.631860275659228,0.035522656421975426
wiki-cs,SAR,two_nnif,MLP,0.3,0.3604405955819505,0.02200360576947535
wiki-cs,SAR,two_nnif,GATConv,0.3,0.40737945157212524,0.043038355047863706
wiki-cs,SAR,two_nnif,GCNConv,0.3,0.4675012314349037,0.020929015514793075
wiki-cs,SAR,two_nnif,MLP,0.2,0.24241549838580292,0.004464799454045704
wiki-cs,SAR,two_nnif,GATConv,0.2,0.1462840383425182,0.014364952696638667
wiki-cs,SAR,two_nnif,GCNConv,0.2,0.19867429441320839,0.05779713744456349
wiki-cs,SAR,spy,MLP,0.4,0.7259565171569538,0.010835839496604893
wiki-cs,SAR,spy,GATConv,0.4,0.806453666818315,0.01149594977153162
wiki-cs,SAR,spy,GCNConv,0.4,0.8016598548308004,0.017505076081850413
wiki-cs,SAR,spy,MLP,0.3,0.7488260435126118,0.004387530916500705
wiki-cs,SAR,spy,GATConv,0.3,0.8060541661043189,0.011851444937739269
wiki-cs,SAR,spy,GCNConv,0.3,0.8162773195537113,0.005679277288139858
wiki-cs,SAR,spy,MLP,0.2,0.7390007316714398,0.013325630780473814
wiki-cs,SAR,spy,GATConv,0.2,0.7683645841500854,0.011139622336367418
wiki-cs,SAR,spy,GCNConv,0.2,0.8051412008270796,0.0116735440619224
wiki-cs,SAR,nnpu,MLP,0.4,0.7634181748874117,0.008247481543869985
wiki-cs,SAR,nnpu,GATConv,0.4,0.7440214625804722,0.02445793918299914
wiki-cs,SAR,nnpu,GCNConv,0.4,0.8125698907216333,0.002429544694844424
wiki-cs,SAR,nnpu,MLP,0.3,0.7966143668731043,0.0015558912577779403
wiki-cs,SAR,nnpu,GATConv,0.3,0.7612744939561101,0.03822999494481646
wiki-cs,SAR,nnpu,GCNConv,0.3,0.8449436097626659,0.0015787086352144716
wiki-cs,SAR,nnpu,MLP,0.2,0.810408976077312,0.00289186386142928
wiki-cs,SAR,nnpu,GATConv,0.2,0.7781747018573223,0.049491695045190354
wiki-cs,SAR,nnpu,GCNConv,0.2,0.8594325518187039,0.003272771348980212
wiki-cs,SAR,imbnnpu,MLP,0.4,0.7784829003095485,0.0006118576137298607
wiki-cs,SAR,imbnnpu,GATConv,0.4,0.7674530325765095,0.04323751926065298
wiki-cs,SAR,imbnnpu,GCNConv,0.4,0.830184353365044,0.0020358269557831407
wiki-cs,SAR,imbnnpu,MLP,0.3,0.8005976233116122,0.0019830016965361754
wiki-cs,SAR,imbnnpu,GATConv,0.3,0.765082274420402,0.048397062536857514
wiki-cs,SAR,imbnnpu,GCNConv,0.3,0.8454539388962033,0.004587090542132436
wiki-cs,SAR,imbnnpu,MLP,0.2,0.8131194969451797,0.004571512961199374
wiki-cs,SAR,imbnnpu,GATConv,0.2,0.7903075462002822,0.04389216266763528
wiki-cs,SAR,imbnnpu,GCNConv,0.2,0.8503507907055461,0.005599760825782883
wiki-cs,SAR,ours,GCNConv,0.4,0.48410692548785916,0.020057340833655436
wiki-cs,SAR,ours,GCNConv,0.3,0.43303205470389844,0.021580162192193855
wiki-cs,SAR,ours,GCNConv,0.2,0.3370549213443845,0.06198020563824318
